nome_arquivo;classe;figado_x;figado_y;rim_x;rim_y;HI;coarseness;contrast;periodicity;roughness;entropia_d1;entropia_d2;entropia_d4;entropia_d8;homogeneidade_d1;homogeneidade_d2;homogeneidade_d4;homogeneidade_d8
ROI_00_0.png;Saudavel;294;203;216;196;11.441;49.956;253.320;0.6843;25.038;107.742;113.116;113.430;112.794;95.628;95.630;95.539;95.521
ROI_00_1.png;Saudavel;305;199;218;202;10.889;47.260;245.106;0.6970;24.247;108.756;114.549;114.794;114.328;95.858;95.846;95.837;95.840
ROI_00_2.png;Saudavel;310;194;221;206;10.832;54.208;225.032;0.6653;24.622;107.370;112.922;113.418;112.694;96.596;96.586;96.574;96.477
ROI_00_3.png;Saudavel;299;181;210;195;11.151;51.340;240.393;0.6613;24.625;107.673;113.661;114.712;114.748;97.089;97.091;97.084;97.028
ROI_00_4.png;Saudavel;275;183;219;200;11.335;51.858;242.112;0.6613;25.103;107.288;112.641;112.905;111.937;95.381;95.435;95.519;95.475
ROI_00_5.png;Saudavel;227;200;305;198;0.8966;83.046;152.096;0.5657;25.572;99.154;103.367;104.215;104.197;94.304;94.319;94.221;94.034
ROI_00_6.png;Saudavel;225;198;281;174;0.9200;79.664;166.367;0.5525;25.822;100.583;104.370;104.584;104.040;94.223;94.227;94.303;94.305
ROI_00_7.png;Saudavel;230;199;298;194;0.9242;77.190;161.451;0.5780;25.157;102.395;107.098;107.786;107.093;97.185;97.246;97.348;97.317
ROI_00_8.png;Saudavel;304;199;234;204;11.090;49.756;246.393;0.6879;24.432;107.344;113.738;114.396;114.088;95.920;95.882;95.745;95.717
ROI_00_9.png;Saudavel;309;190;220;200;10.328;55.523;209.192;0.6843;24.167;108.177;114.430;115.357;115.241;95.342;95.368;95.439;95.509
ROI_01_0.png;Saudavel;409;218;302;251;0.8843;89.866;140.404;0.5095;25.396;96.644;100.362;100.971;100.508;95.620;95.625;95.633;95.580
ROI_01_1.png;Saudavel;400;220;300;253;0.8882;84.185;145.008;0.5786;25.459;98.749;103.212;104.152;103.893;97.822;97.825;97.842;97.858
ROI_01_2.png;Saudavel;388;223;282;251;0.9142;73.189;169.619;0.5669;24.731;101.189;105.497;106.203;106.181;98.004;97.995;97.969;97.912
ROI_01_3.png;Saudavel;383;212;310;258;0.8780;72.571;177.056;0.5751;25.362;102.049;106.320;107.233;106.458;97.986;97.971;97.939;97.990
ROI_01_4.png;Saudavel;361;207;298;259;0.9214;71.296;177.596;0.6092;25.282;104.775;109.873;111.166;111.033;96.394;96.385;96.344;96.258
ROI_01_5.png;Saudavel;356;205;295;257;0.9394;72.077;170.821;0.6192;25.285;105.394;110.882;112.240;112.679;95.926;95.880;95.818;95.846
ROI_01_6.png;Saudavel;355;201;294;259;0.9235;71.677;177.427;0.6449;25.202;104.810;110.345;111.941;111.969;96.949;96.933;96.904;96.832
ROI_01_7.png;Saudavel;373;218;313;264;0.9199;77.027;178.291;0.6144;25.571;102.175;106.101;106.513;105.902;96.258;96.283;96.326;96.257
ROI_01_8.png;Saudavel;325;193;300;258;10.797;50.889;245.806;0.7011;24.620;107.410;113.183;113.645;112.946;97.713;97.725;97.777;97.796
ROI_01_9.png;Saudavel;346;209;299;257;10.293;67.720;187.822;0.6617;25.373;104.776;109.853;110.231;110.221;95.475;95.479;95.394;95.308
ROI_02_0.png;Saudavel;378;170;308;207;0.5806;128.375;104.464;0.4505;26.461;90.845;93.742;94.351;93.836;97.179;97.189;97.172;97.199
ROI_02_1.png;Saudavel;382;159;320;209;0.5338;136.607;100.037;0.4651;26.462;90.107;93.111;93.399;93.315;96.572;96.544;96.501;96.489
ROI_02_2.png;Saudavel;383;167;308;213;0.5761;130.852;98.504;0.5048;25.881;87.539;90.579;91.366;91.119;97.582;97.578;97.559;97.597
ROI_02_3.png;Saudavel;373;167;316;209;0.6065;133.028;95.150;0.5291;25.485;91.025;94.554;95.809;95.409;97.387;97.404;97.420;97.472
ROI_02_4.png;Saudavel;389;169;315;211;0.5355;148.710;86.495;0.5039;26.130;87.659;90.637;91.578;91.318;97.392;97.412;97.442;97.453
ROI_02_5.png;Saudavel;381;176;333;207;0.6775;105.630;123.328;0.5185;25.891;88.433;91.508;92.001;91.925;97.692;97.681;97.661;97.622
ROI_02_6.png;Saudavel;418;209;330;216;0.8907;83.844;155.295;0.5127;25.830;97.165;100.761;101.598;101.217;97.691;97.674;97.643;97.677
ROI_02_7.png;Saudavel;393;189;345;219;0.8402;87.337;149.305;0.5543;26.000;96.073;99.970;100.501;100.760;97.280;97.273;97.271;97.215
ROI_02_8.png;Saudavel;413;181;334;216;0.7629;93.597;134.535;0.4822;25.860;96.322;99.887;100.531;100.539;97.391;97.410;97.484;97.475
ROI_02_9.png;Saudavel;398;183;341;224;0.7906;85.948;143.075;0.5367;25.144;94.607;98.468;99.229;98.702;96.595;96.588;96.641;96.668
ROI_03_0.png;Saudavel;303;132;246;158;0.8405;57.651;220.159;0.6217;25.179;105.904;111.312;112.143;111.035;98.054;98.060;98.078;98.098
ROI_03_1.png;Saudavel;310;145;249;156;0.8479;63.195;201.682;0.6183;25.198;104.460;109.587;109.587;108.931;98.047;98.063;98.086;98.114
ROI_03_2.png;Saudavel;322;143;267;169;0.8086;65.653;189.306;0.5990;25.134;101.704;106.010;106.636;106.153;98.235;98.243;98.235;98.218
ROI_03_3.png;Saudavel;321;153;250;164;0.7859;73.747;168.515;0.5947;25.171;102.126;107.047;108.003;107.393;98.151;98.157;98.143;98.142
ROI_03_4.png;Saudavel;302;135;248;155;0.8717;53.003;223.526;0.6298;24.550;105.106;110.708;112.003;112.096;97.863;97.838;97.769;97.661
ROI_03_5.png;Saudavel;320;141;245;149;0.8380;67.446;190.274;0.5877;25.308;102.167;106.948;107.678;106.964;97.907;97.894;97.861;97.835
ROI_03_6.png;Saudavel;289;133;255;166;0.8554;64.455;199.844;0.5984;25.035;103.234;108.453;108.950;108.085;97.814;97.835;97.872;97.928
ROI_03_7.png;Saudavel;313;141;240;154;0.8238;60.331;208.283;0.6186;24.883;104.057;109.139;109.883;109.593;97.890;97.887;97.871;97.871
ROI_03_8.png;Saudavel;317;133;261;159;0.8336;59.114;204.092;0.5802;24.866;105.123;110.500;111.082;110.745;98.020;98.020;98.028;98.007
ROI_03_9.png;Saudavel;328;137;258;165;0.7346;74.642;165.237;0.6025;25.192;101.437;105.779;106.518;106.057;97.602;97.594;97.591;97.521
ROI_04_0.png;Saudavel;361;145;266;184;0.8119;72.177;168.864;0.5547;25.032;101.882;106.809;107.595;107.240;96.069;96.071;96.089;96.173
ROI_04_1.png;Saudavel;382;171;298;192;10.720;55.345;210.120;0.5789;24.780;106.365;111.932;112.520;111.913;96.826;96.811;96.773;96.743
ROI_04_2.png;Saudavel;365;156;302;194;10.005;68.317;183.333;0.5454;25.300;106.479;111.654;112.177;111.166;97.451;97.485;97.579;97.596
ROI_04_3.png;Saudavel;374;163;294;189;10.391;59.676;212.367;0.5551;25.573;107.133;112.212;112.900;111.810;95.850;95.831;95.777;95.721
ROI_04_4.png;Saudavel;366;167;298;193;10.487;57.271;215.179;0.5652;25.342;106.461;111.525;111.569;111.180;95.851;95.827;95.814;95.735
ROI_04_5.png;Saudavel;358;153;291;194;0.9245;71.876;173.592;0.5739;25.376;103.929;108.802;109.781;109.687;95.615;95.631;95.647;95.728
ROI_04_6.png;Saudavel;358;150;292;184;0.9129;71.875;172.720;0.5423;25.321;104.304;109.197;110.274;110.182;96.076;96.107;96.168;96.192
ROI_04_7.png;Saudavel;362;160;309;197;10.614;64.429;200.470;0.5348;25.564;104.882;109.354;109.663;109.279;96.354;96.350;96.383;96.341
ROI_04_8.png;Saudavel;372;171;306;199;11.265;55.290;225.033;0.5747;25.237;105.539;110.827;111.538;111.164;95.341;95.334;95.322;95.370
ROI_04_9.png;Saudavel;363;162;304;194;10.580;60.937;206.374;0.5255;25.309;105.646;110.504;110.732;110.257;94.850;94.850;94.830;94.764
ROI_05_0.png;Saudavel;373;202;297;217;0.9248;72.525;177.064;0.5936;24.919;102.201;107.007;107.915;107.569;95.153;95.135;95.167;95.133
ROI_05_1.png;Saudavel;353;169;293;197;0.9556;65.800;190.257;0.5876;25.306;105.556;110.056;110.379;109.944;96.484;96.512;96.567;96.609
ROI_05_2.png;Saudavel;353;175;280;205;0.9849;66.209;191.553;0.5968;25.334;104.745;109.183;109.192;108.788;96.451;96.501;96.543;96.479
ROI_05_3.png;Saudavel;365;180;289;202;0.9680;62.095;200.906;0.5955;25.546;106.075;110.926;111.365;110.840;96.882;96.862;96.822;96.783
ROI_05_4.png;Saudavel;364;178;302;206;0.9569;73.044;173.992;0.5688;25.447;101.942;106.198;106.426;105.696;96.463;96.454;96.402;96.331
ROI_05_5.png;Saudavel;362;170;300;209;0.9691;68.860;183.111;0.5816;25.467;103.216;107.735;108.240;107.462;96.076;96.092;96.067;96.139
ROI_05_6.png;Saudavel;370;186;297;207;0.9811;68.686;185.885;0.5985;25.545;103.407;108.406;109.057;108.678;96.858;96.850;96.800;96.757
ROI_05_7.png;Saudavel;370;181;302;200;0.9617;61.385;204.721;0.6143;25.365;104.829;109.590;109.454;109.300;96.357;96.336;96.315;96.296
ROI_05_8.png;Saudavel;371;191;276;204;0.9859;59.076;212.224;0.6204;24.815;107.142;112.235;112.257;111.334;97.249;97.245;97.326;97.439
ROI_05_9.png;Saudavel;378;189;284;209;10.371;59.454;208.298;0.5892;24.970;105.992;111.045;111.391;110.509;97.656;97.654;97.661;97.717
ROI_06_0.png;Saudavel;350;210;276;255;0.9392;86.849;158.687;0.6301;25.759;97.140;100.814;101.428;100.631;96.805;96.814;96.853;96.871
ROI_06_1.png;Saudavel;339;211;281;253;0.9327;99.121;137.094;0.6135;25.525;95.543;99.343;100.252;100.362;97.391;97.395;97.405;97.351
ROI_06_2.png;Saudavel;347;229;283;253;0.8667;102.759;137.800;0.6167;25.867;95.391;98.584;98.648;98.247;96.575;96.583;96.598;96.581
ROI_06_3.png;Saudavel;335;209;279;244;10.098;77.320;172.483;0.6319;25.224;99.755;103.706;103.763;103.326;96.926;96.994;97.056;96.998
ROI_06_4.png;Saudavel;337;213;276;245;10.146;83.989;163.498;0.6046;25.375;98.166;102.417;103.066;103.130;96.736;96.722;96.729;96.661
ROI_06_5.png;Saudavel;354;220;284;255;0.9745;85.341;164.592;0.6352;25.650;98.826;102.376;102.235;101.752;96.378;96.368;96.411;96.350
ROI_06_6.png;Saudavel;351;219;286;259;0.9862;80.285;163.096;0.6196;25.262;99.750;103.683;104.064;103.773;96.949;96.942;96.964;96.992
ROI_06_7.png;Saudavel;338;208;278;254;0.9717;103.254;133.972;0.6090;25.633;93.185;96.358;96.903;96.722;96.784;96.773;96.731;96.774
ROI_06_8.png;Saudavel;372;231;280;257;0.9405;97.703;135.010;0.5886;25.676;94.569;97.874;98.408;98.280;96.879;96.888;96.844;96.832
ROI_06_9.png;Saudavel;345;225;283;259;10.420;70.828;183.585;0.6623;24.993;100.745;105.206;105.718;105.110;97.219;97.225;97.231;97.244
ROI_07_0.png;Saudavel;326;197;252;233;0.8881;67.745;185.110;0.6343;24.709;102.908;107.860;108.302;107.494;97.180;97.173;97.158;97.213
ROI_07_1.png;Saudavel;341;215;259;234;0.8580;72.550;173.032;0.6966;24.934;100.999;105.993;106.423;106.220;96.991;96.975;96.956;96.936
ROI_07_2.png;Saudavel;342;212;256;227;0.8803;74.248;165.077;0.6630;24.683;100.131;104.947;105.520;105.201;97.244;97.244;97.267;97.332
ROI_07_3.png;Saudavel;327;203;269;236;0.8624;81.403;154.969;0.6432;24.863;98.017;102.676;103.933;103.943;96.194;96.178;96.178;96.249
ROI_07_4.png;Saudavel;350;217;272;239;0.7916;85.307;143.931;0.6738;24.679;95.975;100.436;101.605;101.808;97.273;97.264;97.216;97.125
ROI_07_5.png;Saudavel;346;213;270;232;0.8741;81.338;152.870;0.6552;24.927;98.820;102.838;103.642;103.538;97.170;97.155;97.124;97.094
ROI_07_6.png;Saudavel;331;192;282;230;0.8833;85.888;148.535;0.6062;25.037;97.999;102.106;102.930;102.600;96.414;96.416;96.413;96.433
ROI_07_7.png;Saudavel;342;207;269;238;0.8127;84.637;156.217;0.6448;24.939;98.704;102.897;102.971;102.092;96.936;96.941;97.060;97.164
ROI_07_8.png;Saudavel;345;202;264;231;0.8651;79.982;167.072;0.6487;24.941;101.587;106.130;106.516;105.949;97.024;97.084;97.174;97.196
ROI_07_9.png;Saudavel;352;207;296;249;0.7794;83.617;149.191;0.6455;24.982;97.161;101.513;102.270;101.365;97.068;97.053;97.040;97.148
ROI_08_0.png;Saudavel;355;229;249;211;0.9609;77.844;163.060;0.6858;25.110;100.374;105.004;105.477;105.119;96.701;96.720;96.764;96.833
ROI_08_1.png;Saudavel;313;186;222;199;11.527;45.627;260.441;0.6970;24.350;107.250;112.641;113.648;113.243;97.563;97.552;97.500;97.423
ROI_08_2.png;Saudavel;332;215;248;219;0.8783;83.795;154.949;0.6716;25.297;99.746;104.202;104.587;104.672;96.589;96.594;96.662;96.653
ROI_08_3.png;Saudavel;351;223;238;207;0.8888;87.322;147.402;0.6492;25.062;99.273;103.666;104.333;104.115;96.749;96.750;96.766;96.704
ROI_08_4.png;Saudavel;323;199;228;198;0.9861;60.978;207.917;0.6880;24.865;105.551;110.792;111.864;111.202;96.763;96.725;96.695;96.665
ROI_08_5.png;Saudavel;330;203;254;209;0.9935;67.693;197.384;0.6528;25.337;105.569;110.936;111.453;110.769;96.894;96.887;96.854;96.872
ROI_08_6.png;Saudavel;340;191;231;203;0.9144;80.996;165.453;0.6169;25.448;100.613;104.806;105.521;105.756;97.076;97.083;97.063;96.975
ROI_08_7.png;Saudavel;334;187;239;209;10.311;57.281;209.255;0.6914;24.378;106.129;111.816;112.919;112.228;98.017;98.033;98.058;98.045
ROI_08_8.png;Saudavel;331;194;244;204;10.397;58.280;216.092;0.6640;25.008;106.331;111.914;112.540;112.003;97.801;97.817;97.897;97.933
ROI_08_9.png;Saudavel;335;193;243;207;10.271;64.245;193.089;0.6647;24.949;104.586;109.791;110.646;109.690;97.949;97.967;98.069;98.085
ROI_09_0.png;Saudavel;335;202;261;203;0.7619;98.408;136.689;0.6010;25.642;96.154;99.640;99.897;98.984;97.343;97.356;97.331;97.372
ROI_09_1.png;Saudavel;330;197;255;200;0.7848;87.243;151.925;0.6301;25.215;96.884;100.962;101.284;100.767;97.146;97.136;97.158;97.166
ROI_09_2.png;Saudavel;314;198;240;198;0.7890;86.224;144.375;0.6734;24.743;96.624;101.064;101.794;101.293;97.760;97.746;97.711;97.726
ROI_09_3.png;Saudavel;326;194;230;198;0.7488;84.568;142.395;0.6589;24.434;94.671;99.665;100.907;100.438;97.955;97.937;97.898;97.927
ROI_09_4.png;Saudavel;326;201;243;202;0.7754;88.611;141.579;0.6590;24.593;96.019;100.621;101.296;100.131;97.552;97.534;97.568;97.627
ROI_09_5.png;Saudavel;323;191;235;196;0.8116;95.179;144.639;0.6514;25.295;93.369;97.275;97.994;98.389;98.024;98.015;97.987;97.938
ROI_09_6.png;Saudavel;326;188;239;193;0.8414;84.198;152.513;0.6384;24.815;97.311;101.691;102.213;102.336;97.594;97.575;97.533;97.468
ROI_09_7.png;Saudavel;332;197;232;196;0.7603;99.050;127.699;0.6219;24.985;96.100;100.544;101.403;100.531;97.765;97.761;97.763;97.758
ROI_09_8.png;Saudavel;332;194;242;199;0.7507;91.841;140.462;0.6662;25.279;93.537;97.328;97.441;97.290;97.432;97.445;97.466;97.456
ROI_09_9.png;Saudavel;326;195;240;189;0.8400;88.722;148.474;0.6448;25.364;96.263;100.434;100.808;100.468;96.685;96.682;96.681;96.631
ROI_10_0.png;Saudavel;389;190;311;230;0.7589;70.774;167.358;0.6151;24.457;102.517;107.592;108.439;108.472;97.385;97.401;97.426;97.375
ROI_10_1.png;Saudavel;390;192;313;225;0.7914;69.716;167.032;0.6076;24.462;100.868;106.085;107.926;107.708;97.438;97.427;97.397;97.384
ROI_10_2.png;Saudavel;382;184;261;215;0.7319;79.426;150.359;0.5731;24.794;99.294;104.069;105.159;104.685;96.258;96.262;96.254;96.289
ROI_10_3.png;Saudavel;414;207;316;230;0.6188;111.126;110.025;0.5554;25.242;93.740;97.698;98.512;98.337;97.100;97.151;97.179;97.197
ROI_10_4.png;Saudavel;411;218;326;239;0.7145;99.512;122.899;0.5834;25.452;95.223;99.258;100.122;100.381;96.565;96.556;96.505;96.410
ROI_10_5.png;Saudavel;404;204;314;224;0.6772;96.661;133.213;0.5049;25.556;96.365;100.406;100.850;100.839;97.591;97.617;97.710;97.713
ROI_10_6.png;Saudavel;414;209;321;239;0.5961;124.342;102.294;0.5375;25.812;92.456;96.476;97.329;97.704;97.464;97.502;97.521;97.474
ROI_10_7.png;Saudavel;389;190;309;223;0.7959;70.768;165.755;0.5876;24.561;102.434;107.372;108.013;107.091;96.026;96.057;96.124;96.132
ROI_10_8.png;Saudavel;381;188;315;232;0.8343;68.459;178.771;0.6070;24.729;102.706;107.925;108.771;108.310;96.548;96.541;96.489;96.475
ROI_10_9.png;Saudavel;387;190;320;229;0.8367;65.634;178.912;0.5962;24.579;102.881;107.919;108.678;107.834;96.646;96.662;96.687;96.649
ROI_11_0.png;Saudavel;375;185;303;207;10.217;64.840;187.220;0.5950;24.928;103.945;109.281;109.951;109.599;96.915;96.896;96.884;96.853
ROI_11_1.png;Saudavel;377;197;326;209;11.071;64.689;210.819;0.5865;25.261;102.749;106.848;107.239;106.616;96.781;96.816;96.850;96.781
ROI_11_2.png;Saudavel;391;193;309;219;10.126;65.473;189.726;0.5440;25.330;104.166;109.068;109.821;109.473;97.822;97.816;97.796;97.782
ROI_11_3.png;Saudavel;376;193;323;214;10.746;64.415;197.211;0.5669;25.392;104.636;109.492;110.163;109.785;96.706;96.693;96.698;96.762
ROI_11_4.png;Saudavel;378;180;332;214;0.8775;74.617;167.142;0.5607;25.306;100.632;104.877;105.736;105.481;97.190;97.206;97.222;97.272
ROI_11_5.png;Saudavel;383;179;326;225;0.9496;57.105;209.291;0.6247;24.705;106.185;111.814;112.788;112.197;97.348;97.320;97.258;97.204
ROI_11_6.png;Saudavel;413;195;330;207;0.7988;87.592;136.327;0.5538;25.214;97.802;102.198;102.786;102.314;97.608;97.614;97.657;97.727
ROI_11_7.png;Saudavel;393;182;320;203;0.7960;112.698;117.945;0.4730;26.195;92.563;96.306;96.867;96.654;97.013;96.998;96.998;97.002
ROI_11_8.png;Saudavel;404;199;320;205;0.8300;78.823;154.698;0.5648;25.287;100.904;105.272;106.368;106.446;96.522;96.523;96.486;96.377
ROI_11_9.png;Saudavel;401;187;329;204;0.8004;82.429;149.950;0.5378;25.316;99.612;104.346;105.096;105.002;97.388;97.395;97.388;97.322
ROI_12_0.png;Saudavel;338;212;281;249;0.7897;96.655;135.779;0.6438;25.141;96.649;100.640;101.431;101.643;95.425;95.453;95.381;95.214
ROI_12_1.png;Saudavel;335;214;273;241;0.7133;97.567;135.484;0.6731;25.449;95.484;99.306;99.762;99.706;95.329;95.315;95.304;95.154
ROI_12_2.png;Saudavel;328;205;262;223;0.7168;106.436;127.222;0.6285;25.359;93.379;97.007;97.314;96.586;95.809;95.821;95.901;95.879
ROI_12_3.png;Saudavel;327;202;247;210;0.7742;96.493;130.230;0.6260;24.996;97.665;102.017;102.893;102.467;96.109;96.088;96.044;96.022
ROI_12_4.png;Saudavel;333;211;276;233;0.7678;96.233;135.835;0.6679;25.186;93.249;96.839;97.644;97.429;94.463;94.459;94.397;94.209
ROI_12_5.png;Saudavel;327;192;257;223;0.7352;106.632;124.137;0.6305;25.431;93.226;96.852;96.979;96.893;96.308;96.327;96.361;96.331
ROI_12_6.png;Saudavel;330;209;253;233;0.6367;117.313;111.756;0.6606;25.378;90.900;94.446;94.754;94.458;95.648;95.646;95.672;95.730
ROI_12_7.png;Saudavel;338;206;260;231;0.7011;96.000;133.657;0.6390;25.235;97.388;101.481;101.725;101.365;95.548;95.591;95.663;95.602
ROI_12_8.png;Saudavel;326;205;261;239;0.6834;101.691;124.075;0.6870;24.903;94.148;98.167;98.299;98.281;96.058;96.067;96.174;96.143
ROI_12_9.png;Saudavel;314;211;248;227;0.6449;107.449;119.135;0.6555;25.042;92.633;96.218;96.499;96.078;95.633;95.641;95.608;95.647
ROI_13_0.png;Saudavel;326;168;249;179;0.9985;61.759;204.895;0.6316;25.215;105.579;110.831;111.443;110.860;96.705;96.720;96.682;96.595
ROI_13_1.png;Saudavel;320;178;245;184;0.9796;60.531;212.390;0.6595;25.107;105.908;111.458;111.669;111.422;96.680;96.681;96.704;96.708
ROI_13_2.png;Saudavel;328;167;240;179;0.9343;73.241;172.940;0.5983;25.091;102.329;106.732;107.527;107.449;96.257;96.246;96.220;96.276
ROI_13_3.png;Saudavel;326;171;230;169;0.9768;61.614;207.528;0.6231;25.338;105.872;110.557;110.536;109.826;95.907;95.953;95.988;95.955
ROI_13_4.png;Saudavel;368;171;241;174;0.9347;64.051;194.171;0.5932;24.914;105.725;110.471;110.932;110.313;97.616;97.641;97.702;97.723
ROI_13_5.png;Saudavel;354;181;263;185;0.8238;80.039;161.025;0.5792;25.167;98.002;101.678;102.173;102.221;96.293;96.269;96.189;96.143
ROI_13_6.png;Saudavel;372;183;241;168;0.9839;56.583;207.381;0.5981;24.328;106.083;111.530;112.692;111.594;97.435;97.423;97.411;97.404
ROI_13_7.png;Saudavel;380;190;253;179;0.8113;71.539;164.428;0.5940;24.391;100.802;105.844;107.297;106.928;97.470;97.450;97.372;97.342
ROI_13_8.png;Saudavel;353;174;269;190;0.8239;82.768;163.449;0.5535;26.115;99.624;103.692;103.766;103.096;96.844;96.857;96.875;96.959
ROI_13_9.png;Saudavel;363;197;278;197;0.7974;87.093;142.395;0.6304;25.100;97.808;102.138;102.697;102.607;96.739;96.745;96.788;96.835
ROI_14_0.png;Saudavel;301;219;221;216;11.253;49.414;242.414;0.7163;24.234;106.832;112.517;113.502;112.483;97.043;97.025;96.994;97.102
ROI_14_1.png;Saudavel;290;203;208;209;10.970;50.289;240.162;0.6860;24.382;107.340;113.284;113.723;113.020;96.934;96.956;96.955;97.037
ROI_14_2.png;Saudavel;287;222;203;201;11.455;53.325;229.186;0.7064;24.540;105.465;110.486;110.711;109.930;97.276;97.258;97.327;97.353
ROI_14_3.png;Saudavel;287;207;202;199;11.602;45.060;267.004;0.7205;24.380;107.647;113.537;114.220;113.473;97.367;97.341;97.304;97.293
ROI_14_4.png;Saudavel;282;211;213;206;11.049;50.234;243.560;0.6961;24.557;106.426;112.060;112.679;112.442;97.533;97.539;97.533;97.510
ROI_14_5.png;Saudavel;274;210;227;221;10.067;55.905;211.873;0.6794;24.379;106.376;111.785;112.260;111.847;96.262;96.249;96.178;96.064
ROI_14_6.png;Saudavel;295;209;212;208;11.089;53.841;230.876;0.7158;25.072;105.616;110.526;110.860;110.742;97.250;97.218;97.132;97.022
ROI_14_7.png;Saudavel;286;207;222;221;10.575;53.615;224.844;0.6958;24.565;107.807;113.519;114.123;113.439;95.647;95.672;95.713;95.669
ROI_14_8.png;Saudavel;289;201;240;223;10.418;50.837;248.274;0.7027;24.993;108.979;114.804;115.214;114.458;95.786;95.869;95.901;95.863
ROI_14_9.png;Saudavel;296;225;237;251;11.687;48.262;236.074;0.7397;24.003;105.887;111.976;112.613;112.126;96.823;96.790;96.813;96.890
ROI_15_0.png;Saudavel;321;139;251;161;11.504;43.992;287.831;0.6443;24.931;108.258;113.790;114.375;113.950;97.596;97.611;97.634;97.593
ROI_15_1.png;Saudavel;335;165;247;178;0.9351;55.282;218.882;0.6996;24.758;107.143;112.533;112.940;112.121;97.691;97.711;97.720;97.722
ROI_15_2.png;Saudavel;351;153;266;166;0.8373;64.510;205.529;0.6371;25.108;103.502;108.484;109.029;108.148;97.864;97.861;97.893;97.960
ROI_15_3.png;Saudavel;264;175;344;160;13.145;34.614;413.792;0.6183;24.671;111.089;118.178;119.667;119.180;96.874;96.846;96.768;96.674
ROI_15_4.png;Saudavel;352;163;272;182;0.7079;72.763;162.712;0.6320;24.432;99.193;104.405;105.873;104.967;98.072;98.055;98.034;98.146
ROI_15_5.png;Saudavel;361;175;276;176;0.7239;98.531;135.140;0.5721;25.714;98.583;102.484;102.677;102.580;97.035;97.073;97.170;97.209
ROI_15_6.png;Saudavel;354;171;270;165;0.8030;77.835;178.189;0.5985;26.022;102.072;106.037;106.131;105.206;97.736;97.750;97.781;97.804
ROI_15_7.png;Saudavel;360;187;280;192;0.7175;90.034;137.074;0.6455;24.998;97.092;101.646;102.738;102.357;97.487;97.511;97.533;97.514
ROI_15_8.png;Saudavel;353;163;289;166;0.8294;59.833;206.205;0.6378;24.834;105.391;110.868;111.479;110.938;97.977;97.957;97.911;97.956
ROI_15_9.png;Saudavel;348;171;264;157;0.7943;80.689;177.060;0.5894;25.860;101.014;105.152;105.295;104.851;97.731;97.751;97.763;97.795
ROI_16_0.png;Saudavel;341;199;272;229;0.7046;134.888;107.461;0.5645;26.339;85.656;88.356;88.396;88.201;96.695;96.707;96.700;96.695
ROI_16_1.png;Saudavel;331;213;277;235;0.7426;86.398;147.122;0.6659;24.986;99.498;103.975;104.403;104.619;96.589;96.612;96.646;96.648
ROI_16_2.png;Saudavel;331;223;266;230;0.7814;98.938;134.994;0.6693;25.207;93.646;97.694;98.736;97.695;97.515;97.507;97.474;97.616
ROI_16_3.png;Saudavel;334;220;271;231;0.7528;101.618;131.999;0.6359;25.391;92.811;96.473;96.350;95.358;97.685;97.713;97.797;97.832
ROI_16_4.png;Saudavel;354;225;281;235;0.6435;120.837;118.322;0.6015;26.181;88.511;91.559;91.833;91.499;97.862;97.872;97.888;97.890
ROI_16_5.png;Saudavel;349;221;277;236;0.6860;120.888;106.765;0.6185;25.499;90.129;93.788;94.759;94.336;96.427;96.430;96.452;96.525
ROI_16_6.png;Saudavel;336;217;277;231;0.7279;96.836;133.477;0.6251;25.157;93.586;97.302;97.082;96.864;97.080;97.112;97.130;97.157
ROI_16_7.png;Saudavel;350;231;277;236;0.6800;127.011;107.182;0.6191;25.649;88.185;91.575;92.368;92.646;96.618;96.615;96.627;96.669
ROI_16_8.png;Saudavel;350;231;280;236;0.7199;119.357;111.334;0.6010;25.734;91.778;95.425;96.065;96.296;96.972;96.965;96.974;97.004
ROI_16_9.png;Saudavel;324;209;273;231;0.8123;83.816;152.802;0.6689;24.981;99.352;103.794;104.600;103.918;97.300;97.308;97.327;97.361
ROI_17_0.png;Esteatose;376;163;314;195;0.9324;83.799;156.794;0.5317;25.927;99.955;103.958;104.126;103.425;96.302;96.320;96.334;96.402
ROI_17_1.png;Esteatose;375;175;296;182;10.636;66.276;191.890;0.5740;25.664;103.401;107.960;108.747;108.297;95.854;95.827;95.827;95.794
ROI_17_2.png;Esteatose;394;183;289;177;0.9619;81.190;153.853;0.5383;25.465;99.517;103.734;103.763;103.017;96.301;96.327;96.423;96.404
ROI_17_3.png;Esteatose;393;184;326;196;0.9873;85.182;146.010;0.5414;25.521;98.866;103.033;103.961;103.926;96.788;96.781;96.752;96.664
ROI_17_4.png;Esteatose;388;173;331;210;0.9691;81.098;161.831;0.5163;26.303;100.478;104.242;104.384;104.025;96.848;96.862;96.846;96.876
ROI_17_5.png;Esteatose;387;163;317;201;0.8182;91.752;140.259;0.5020;25.652;96.319;100.124;100.592;100.691;96.444;96.445;96.397;96.277
ROI_17_6.png;Esteatose;407;170;329;206;0.9085;90.156;142.968;0.4919;25.780;97.194;100.824;101.467;101.234;96.774;96.790;96.802;96.875
ROI_17_7.png;Esteatose;377;157;320;194;0.9762;88.886;158.873;0.4722;27.033;99.595;102.945;103.065;102.992;94.834;94.850;94.884;94.925
ROI_17_8.png;Esteatose;395;171;272;182;0.8096;95.129;135.272;0.5295;25.696;95.601;99.231;99.169;99.167;95.712;95.701;95.703;95.754
ROI_17_9.png;Esteatose;398;183;342;207;0.9660;77.081;164.890;0.4861;25.382;101.090;105.171;105.511;104.645;96.427;96.395;96.376;96.510
ROI_18_0.png;Esteatose;371;169;284;191;0.9805;73.680;173.998;0.5197;25.668;102.841;107.673;108.127;107.449;97.014;97.011;97.009;97.017
ROI_18_1.png;Esteatose;374;168;285;189;0.9686;74.000;175.219;0.5229;25.659;102.822;107.431;107.899;107.451;96.958;96.955;96.984;97.021
ROI_18_2.png;Esteatose;384;169;287;193;0.8902;91.549;140.379;0.5166;25.989;99.232;103.665;104.681;104.499;97.253;97.247;97.240;97.268
ROI_18_3.png;Esteatose;395;169;311;207;0.7563;105.076;127.528;0.4624;26.140;95.496;99.077;99.742;99.344;96.241;96.265;96.301;96.398
ROI_18_4.png;Esteatose;405;194;307;214;0.7157;136.423;103.393;0.4808;26.667;89.779;92.292;92.505;92.082;97.175;97.213;97.283;97.332
ROI_18_5.png;Esteatose;388;174;329;209;0.9441;85.358;149.455;0.5276;25.812;99.136;103.645;104.558;103.691;97.287;97.259;97.232;97.365
ROI_18_6.png;Esteatose;405;186;334;225;0.8612;113.747;115.662;0.4815;26.223;88.555;91.671;91.878;91.344;97.787;97.806;97.839;97.839
ROI_18_7.png;Esteatose;399;186;325;213;0.7601;114.232;118.992;0.4580;26.674;93.431;96.197;96.250;96.123;97.628;97.670;97.742;97.752
ROI_18_8.png;Esteatose;398;175;330;220;0.8340;97.476;124.561;0.5058;25.588;93.994;97.860;99.511;99.741;97.030;97.036;97.029;96.933
ROI_18_9.png;Esteatose;392;174;322;211;0.8549;89.800;145.068;0.5190;25.996;96.414;100.192;100.621;100.215;97.521;97.521;97.522;97.548
ROI_19_0.png;Esteatose;364;225;298;248;0.9869;79.897;162.587;0.6052;25.322;96.598;100.605;101.012;100.810;97.185;97.199;97.210;97.192
ROI_19_1.png;Esteatose;369;217;308;255;10.953;69.490;187.515;0.5902;25.680;98.458;102.341;103.189;103.313;96.796;96.797;96.750;96.687
ROI_19_2.png;Esteatose;360;209;303;242;11.328;73.431;180.063;0.5757;25.408;98.149;102.373;102.819;102.653;97.012;97.045;97.107;97.098
ROI_19_3.png;Esteatose;360;214;297;234;12.436;65.254;194.872;0.6074;25.322;97.884;102.097;102.550;102.690;97.628;97.641;97.640;97.619
ROI_19_4.png;Esteatose;376;218;300;238;10.130;81.916;158.053;0.5631;25.719;95.863;99.485;100.044;100.136;97.162;97.174;97.173;97.160
ROI_19_5.png;Esteatose;372;223;292;233;10.008;84.486;160.071;0.5722;25.843;97.331;100.892;101.757;102.030;97.063;97.067;97.037;97.051
ROI_19_6.png;Esteatose;383;227;291;235;0.8763;92.549;148.117;0.5616;26.044;93.676;96.774;97.301;96.815;97.392;97.404;97.410;97.436
ROI_19_7.png;Esteatose;363;212;292;236;11.239;67.536;194.941;0.5779;25.590;99.604;103.381;103.833;103.443;97.297;97.304;97.285;97.291
ROI_19_8.png;Esteatose;364;220;295;230;10.426;69.084;187.876;0.5876;25.330;100.836;105.144;105.998;105.444;96.876;96.856;96.794;96.772
ROI_19_9.png;Esteatose;383;223;302;231;0.9559;89.182;154.639;0.5419;25.959;96.375;99.377;99.573;99.401;96.948;96.979;97.025;97.048
ROI_20_0.png;Esteatose;421;191;335;203;0.4558;200.523;68.276;0.4589;26.861;80.111;82.294;82.958;82.360;96.156;96.177;96.200;96.338
ROI_20_1.png;Esteatose;413;182;334;201;0.5311;151.884;86.111;0.4531;26.176;86.539;89.400;89.622;89.450;96.971;96.967;97.012;96.991
ROI_20_2.png;Esteatose;414;190;346;210;0.6257;144.973;91.943;0.4441;26.421;85.535;87.917;88.412;88.692;96.358;96.379;96.368;96.283
ROI_20_3.png;Esteatose;413;171;332;207;0.6026;160.082;82.970;0.4425;26.961;86.147;88.687;89.432;88.983;97.145;97.160;97.178;97.215
ROI_20_4.png;Esteatose;425;191;338;215;0.5377;147.750;81.726;0.5612;25.449;85.458;88.605;89.451;89.643;95.960;95.987;95.989;95.972
ROI_20_5.png;Esteatose;432;199;343;225;0.5247;184.833;71.995;0.4866;26.721;82.041;84.590;85.132;85.207;96.432;96.457;96.503;96.470
ROI_20_6.png;Esteatose;415;191;339;224;0.5579;139.094;93.768;0.4848;25.851;88.126;91.335;92.123;91.699;96.282;96.272;96.251;96.248
ROI_20_7.png;Esteatose;418;200;337;230;0.5010;159.373;79.429;0.4791;26.099;85.771;89.005;89.501;88.813;96.071;96.078;96.098;96.230
ROI_20_8.png;Esteatose;423;204;331;223;0.4875;166.646;78.487;0.4761;26.196;83.737;86.334;86.846;87.204;95.579;95.581;95.564;95.387
ROI_20_9.png;Esteatose;417;212;336;226;0.5310;180.345;74.367;0.4277;26.724;83.904;86.178;86.979;86.515;96.807;96.807;96.785;96.843
ROI_21_0.png;Esteatose;389;134;309;191;0.9793;72.596;172.485;0.4614;25.870;102.073;106.178;106.735;106.202;97.138;97.149;97.182;97.227
ROI_21_1.png;Esteatose;402;155;308;197;0.8754;100.738;133.360;0.4597;26.531;95.921;99.521;100.202;100.108;97.200;97.184;97.132;97.093
ROI_21_2.png;Esteatose;413;161;325;199;0.8099;109.598;121.286;0.4738;26.998;95.176;98.623;99.568;99.199;96.728;96.768;96.790;96.819
ROI_21_3.png;Esteatose;435;157;322;193;0.5988;165.465;82.400;0.5281;27.392;86.341;88.812;89.328;89.350;97.017;97.016;97.034;97.055
ROI_21_4.png;Esteatose;403;167;345;195;0.9896;85.977;156.475;0.4388;26.604;100.061;104.019;104.328;104.149;97.300;97.282;97.249;97.252
ROI_21_5.png;Esteatose;399;164;348;198;10.299;82.053;160.053;0.4745;26.269;99.773;103.817;104.057;103.449;97.430;97.448;97.448;97.460
ROI_21_6.png;Esteatose;433;172;383;211;0.8070;106.805;116.266;0.5587;26.280;89.167;92.114;92.775;92.845;97.673;97.677;97.682;97.666
ROI_21_7.png;Esteatose;427;158;361;206;0.7102;122.723;106.521;0.5706;26.247;90.561;93.880;94.663;94.922;97.233;97.255;97.274;97.236
ROI_21_8.png;Esteatose;441;159;380;195;0.5884;168.397;78.809;0.5710;26.786;81.874;84.435;84.934;84.995;97.479;97.497;97.538;97.565
ROI_21_9.png;Esteatose;389;142;360;203;12.159;55.517;218.114;0.5095;25.247;103.559;108.513;109.506;109.437;96.494;96.472;96.448;96.388
ROI_22_0.png;Esteatose;334;192;279;233;14.146;48.375;265.467;0.6317;25.550;104.379;108.995;109.155;108.897;96.085;96.084;96.064;96.046
ROI_22_1.png;Esteatose;327;189;285;222;14.706;44.516;286.398;0.6542;25.345;104.625;109.777;110.481;110.256;95.854;95.862;95.875;95.845
ROI_22_2.png;Esteatose;340;200;280;225;13.561;47.433;260.850;0.6712;25.130;105.556;110.918;111.099;110.276;96.966;96.945;96.972;97.035
ROI_22_3.png;Esteatose;325;188;285;219;14.925;45.368;279.387;0.6677;25.195;104.371;109.364;109.657;109.573;94.964;94.982;94.969;94.949
ROI_22_4.png;Esteatose;336;183;286;227;15.158;43.837;302.235;0.6392;25.599;105.652;110.546;110.654;110.163;95.305;95.268;95.316;95.344
ROI_22_5.png;Esteatose;340;190;290;229;14.146;43.503;282.483;0.6634;24.803;105.192;110.546;111.041;110.527;95.898;95.909;95.933;95.909
ROI_22_6.png;Esteatose;333;179;281;222;14.856;44.431;298.964;0.6168;25.572;104.442;109.402;109.596;109.030;96.088;96.071;96.001;95.953
ROI_22_7.png;Esteatose;338;199;285;234;14.234;52.860;243.602;0.6377;25.305;102.680;107.500;107.956;107.310;95.379;95.366;95.351;95.412
ROI_22_8.png;Esteatose;346;204;283;231;14.352;50.032;256.758;0.6291;25.228;102.609;107.257;108.103;108.064;96.769;96.757;96.685;96.574
ROI_22_9.png;Esteatose;324;193;272;225;14.447;48.879;268.963;0.6607;25.248;103.538;108.211;108.797;108.386;95.058;95.064;95.145;95.107
ROI_23_0.png;Esteatose;306;181;265;222;12.984;53.016;244.089;0.6741;25.135;104.138;109.292;110.236;110.472;97.146;97.159;97.135;97.076
ROI_23_1.png;Esteatose;288;179;263;223;15.511;44.759;290.987;0.6537;25.265;104.640;109.683;110.295;109.677;95.161;95.148;95.279;95.304
ROI_23_2.png;Esteatose;295;185;285;236;14.740;45.403;284.940;0.6577;25.082;105.074;110.120;110.580;110.292;96.962;96.952;96.952;96.964
ROI_23_3.png;Esteatose;290;183;266;220;13.711;50.469;263.654;0.6304;25.353;104.460;108.836;109.208;108.890;97.221;97.228;97.223;97.224
ROI_23_4.png;Esteatose;288;180;262;224;15.478;49.396;270.764;0.6139;25.366;102.626;106.856;107.197;106.757;96.087;96.079;96.073;96.048
ROI_23_5.png;Esteatose;290;172;279;233;16.250;40.433;320.219;0.6312;25.126;104.983;109.576;109.307;108.647;96.584;96.598;96.649;96.713
ROI_23_6.png;Esteatose;283;172;283;234;16.603;39.970;325.885;0.6466;25.218;104.403;108.996;109.327;108.930;96.669;96.677;96.715;96.711
ROI_23_7.png;Esteatose;287;166;285;234;17.531;38.101;339.106;0.6172;24.912;104.438;109.319;109.970;109.811;95.923;95.948;95.956;95.858
ROI_23_8.png;Esteatose;305;188;274;232;12.557;56.859;234.334;0.6655;25.072;103.319;108.579;108.975;108.312;96.757;96.791;96.855;96.950
ROI_23_9.png;Esteatose;305;186;268;225;13.224;51.148;246.417;0.6840;24.728;103.722;109.377;110.299;109.854;96.783;96.794;96.828;96.924
ROI_24_0.png;Esteatose;333;165;289;202;11.266;54.707;234.091;0.6099;25.103;106.207;111.152;111.244;110.888;95.786;95.785;95.778;95.605
ROI_24_1.png;Esteatose;336;179;285;195;11.093;60.805;215.903;0.5849;25.640;105.209;110.115;110.286;109.452;96.077;96.079;96.005;96.048
ROI_24_2.png;Esteatose;334;173;278;195;11.707;52.762;236.228;0.6254;25.046;106.562;111.527;111.906;111.202;95.791;95.774;95.848;95.945
ROI_24_3.png;Esteatose;333;177;287;209;11.428;56.079;223.898;0.6252;25.103;105.231;110.220;110.153;109.897;96.124;96.132;96.124;96.131
ROI_24_4.png;Esteatose;330;179;288;205;12.320;52.372;236.221;0.6555;24.980;105.590;110.687;111.225;110.510;95.702;95.687;95.657;95.625
ROI_24_5.png;Esteatose;328;175;281;201;12.193;47.926;244.209;0.6597;24.506;106.661;112.097;112.665;111.572;97.194;97.224;97.228;97.227
ROI_24_6.png;Esteatose;326;178;278;206;11.783;53.214;224.841;0.6595;24.650;105.344;110.444;110.753;110.017;95.629;95.658;95.690;95.582
ROI_24_7.png;Esteatose;330;180;282;207;11.519;55.068;219.815;0.6654;24.948;105.355;110.293;110.873;110.374;94.530;94.526;94.530;94.567
ROI_24_8.png;Esteatose;335;182;295;214;10.962;58.815;212.726;0.6470;25.049;104.603;109.590;110.358;109.732;95.744;95.702;95.732;95.781
ROI_24_9.png;Esteatose;339;181;293;202;11.247;56.508;222.478;0.6157;25.211;105.748;110.585;111.005;110.144;96.359;96.352;96.349;96.405
ROI_25_0.png;Esteatose;355;164;329;225;14.815;41.584;305.922;0.5718;25.184;106.478;111.407;111.790;111.202;96.499;96.512;96.546;96.613
ROI_25_1.png;Esteatose;358;162;329;224;15.144;45.888;279.904;0.5570;25.481;104.788;109.201;109.775;109.377;96.205;96.195;96.246;96.353
ROI_25_2.png;Esteatose;386;185;327;229;10.694;67.928;183.191;0.5268;25.580;103.997;109.023;110.113;110.166;96.325;96.315;96.287;96.201
ROI_25_3.png;Esteatose;344;163;316;227;16.687;38.786;332.117;0.5664;25.537;106.185;111.090;111.200;110.749;95.865;95.856;95.841;95.848
ROI_25_4.png;Esteatose;353;170;322;229;15.892;38.225;321.794;0.5991;25.150;106.449;111.925;112.257;111.636;95.094;95.088;95.149;95.091
ROI_25_5.png;Esteatose;366;170;294;223;14.894;40.779;311.357;0.5883;25.138;107.705;113.312;114.056;113.547;96.793;96.795;96.796;96.738
ROI_25_6.png;Esteatose;369;181;320;230;14.505;49.164;263.414;0.5957;25.354;104.503;109.376;110.173;109.785;97.025;97.041;97.010;96.966
ROI_25_7.png;Esteatose;368;179;307;227;14.330;45.838;278.482;0.6042;25.365;104.877;109.968;110.458;110.225;96.098;96.093;96.122;96.099
ROI_25_8.png;Esteatose;359;180;305;228;14.972;48.178;262.595;0.5777;25.227;104.785;109.864;110.937;110.577;96.423;96.412;96.385;96.372
ROI_25_9.png;Esteatose;368;172;317;230;14.787;39.056;312.988;0.6047;24.995;107.390;112.621;113.083;112.981;96.659;96.663;96.667;96.611
ROI_26_0.png;Esteatose;349;156;280;165;12.073;55.120;225.617;0.5407;25.575;106.058;111.070;111.673;111.101;95.383;95.398;95.402;95.390
ROI_26_1.png;Esteatose;337;150;281;160;11.961;62.863;209.885;0.5212;25.889;104.655;109.011;109.305;108.751;95.334;95.363;95.406;95.360
ROI_26_2.png;Esteatose;337;153;297;179;12.644;60.774;231.567;0.5398;26.253;103.563;107.508;107.418;106.964;94.825;94.833;94.840;94.876
ROI_26_3.png;Esteatose;343;153;273;158;11.302;52.179;238.253;0.5582;25.159;107.642;112.694;112.958;112.466;94.925;94.906;94.912;95.056
ROI_26_4.png;Esteatose;349;165;308;191;12.347;58.022;228.467;0.5588;25.813;102.837;107.098;107.582;106.959;95.330;95.308;95.327;95.370
ROI_26_5.png;Esteatose;355;161;285;161;10.662;73.146;184.741;0.5084;26.035;102.652;106.368;106.524;106.148;96.087;96.130;96.198;96.220
ROI_26_6.png;Esteatose;351;151;291;169;12.287;57.020;221.736;0.5434;25.336;104.693;109.622;110.391;109.848;94.453;94.496;94.580;94.630
ROI_26_7.png;Esteatose;342;159;292;171;11.300;54.800;230.072;0.5670;25.208;105.552;110.675;110.819;110.195;96.879;96.891;96.889;96.856
ROI_26_8.png;Esteatose;355;156;302;173;12.013;49.220;243.313;0.5697;25.194;106.963;112.187;112.145;111.521;96.085;96.140;96.204;96.212
ROI_26_9.png;Esteatose;371;165;299;172;11.396;53.878;212.838;0.5758;24.789;105.324;110.455;110.957;110.629;95.920;95.879;95.831;95.924
ROI_27_0.png;Esteatose;323;190;278;208;13.080;52.066;242.764;0.6278;24.789;104.549;109.777;110.501;109.911;96.256;96.265;96.275;96.255
ROI_27_1.png;Esteatose;330;189;277;202;12.489;49.444;245.937;0.6587;24.528;106.675;112.269;113.384;112.711;96.905;96.943;96.956;96.931
ROI_27_2.png;Esteatose;333;183;289;211;13.759;41.703;302.700;0.6459;24.937;106.848;112.310;112.502;112.168;96.029;96.015;95.981;96.037
ROI_27_3.png;Esteatose;335;186;295;208;13.287;54.040;252.841;0.6151;25.566;103.816;108.467;108.567;108.138;95.308;95.274;95.191;95.188
ROI_27_4.png;Esteatose;334;181;285;203;12.776;52.795;248.024;0.5946;25.273;105.029;109.795;109.974;109.180;95.296;95.262;95.217;95.236
ROI_27_5.png;Esteatose;328;173;289;204;13.150;55.808;244.471;0.5932;26.005;104.627;108.935;109.335;108.396;95.331;95.334;95.307;95.461
ROI_27_6.png;Esteatose;326;176;286;198;13.021;47.421;259.666;0.6178;24.908;106.212;111.314;111.954;111.397;95.191;95.203;95.218;95.130
ROI_27_7.png;Esteatose;338;184;290;202;12.557;50.884;246.208;0.6322;25.013;106.048;111.589;111.629;110.721;95.716;95.701;95.713;95.727
ROI_27_8.png;Esteatose;350;196;308;223;11.997;60.939;202.013;0.6082;24.922;103.221;108.243;109.028;108.824;96.816;96.839;96.858;96.862
ROI_27_9.png;Esteatose;361;195;314;232;11.292;79.719;166.554;0.5621;25.466;100.713;104.797;105.341;105.323;96.065;96.156;96.228;96.170
ROI_28_0.png;Esteatose;313;195;270;216;10.070;59.958;205.499;0.6467;24.672;107.232;112.921;113.072;112.549;95.664;95.642;95.561;95.545
ROI_28_1.png;Esteatose;331;206;267;196;0.9510;61.833;198.414;0.7353;24.504;105.683;110.873;110.939;110.557;96.424;96.500;96.581;96.571
ROI_28_2.png;Esteatose;323;193;262;192;10.365;64.334;193.825;0.6540;24.926;106.162;111.707;112.227;111.528;95.651;95.641;95.660;95.699
ROI_28_3.png;Esteatose;322;192;258;184;10.490;59.787;212.493;0.6679;24.996;106.166;111.395;112.141;111.570;95.916;95.897;95.896;95.876
ROI_28_4.png;Esteatose;316;199;261;197;10.578;59.163;208.478;0.6640;24.539;106.834;112.388;113.353;113.015;95.834;95.848;95.809;95.704
ROI_28_5.png;Esteatose;324;198;260;199;0.9961;59.789;207.411;0.6712;24.623;107.315;112.899;113.400;112.494;96.951;96.965;96.981;97.015
ROI_28_6.png;Esteatose;333;204;267;207;0.9663;71.168;182.930;0.6409;25.268;102.724;107.491;107.741;107.242;96.020;96.066;96.128;96.160
ROI_28_7.png;Esteatose;327;194;262;196;0.9952;74.612;178.262;0.6355;25.192;104.205;109.083;109.725;109.416;95.831;95.853;95.918;95.974
ROI_28_8.png;Esteatose;324;202;271;205;10.158;65.084;192.338;0.6559;24.661;106.173;111.487;112.596;112.203;96.307;96.308;96.328;96.417
ROI_28_9.png;Esteatose;311;194;287;241;10.857;49.402;249.747;0.6848;24.575;108.388;114.185;114.459;113.903;95.646;95.608;95.536;95.514
ROI_29_0.png;Esteatose;364;166;303;208;13.334;48.444;257.688;0.5682;25.532;105.129;109.958;110.703;110.488;96.642;96.665;96.640;96.612
ROI_29_1.png;Esteatose;374;162;299;199;12.781;52.355;224.434;0.5552;25.050;104.260;109.341;110.557;109.721;96.202;96.204;96.136;95.995
ROI_29_2.png;Esteatose;369;160;289;178;13.322;53.993;245.021;0.5287;25.909;103.876;107.944;108.496;108.296;95.675;95.672;95.588;95.421
ROI_29_3.png;Esteatose;369;172;295;186;12.928;54.119;225.812;0.5962;24.835;103.375;108.229;108.967;108.548;96.269;96.282;96.278;96.257
ROI_29_4.png;Esteatose;371;168;294;183;12.706;50.625;247.837;0.5693;25.335;104.968;109.960;110.720;110.212;95.989;95.973;95.881;95.806
ROI_29_5.png;Esteatose;368;169;288;187;12.801;51.434;235.078;0.5716;25.098;104.827;109.757;110.341;110.199;95.796;95.761;95.630;95.580
ROI_29_6.png;Esteatose;366;167;299;196;12.873;53.619;236.127;0.5579;25.657;103.763;108.172;108.729;108.620;95.165;95.129;95.136;95.154
ROI_29_7.png;Esteatose;372;183;291;198;11.408;62.488;204.864;0.6031;25.528;102.368;106.991;108.233;107.777;97.425;97.442;97.408;97.363
ROI_29_8.png;Esteatose;375;163;278;195;11.955;55.163;229.675;0.5696;25.693;104.397;109.314;109.557;109.067;96.980;96.986;96.970;96.902
ROI_29_9.png;Esteatose;370;176;290;195;12.242;54.535;234.930;0.5967;25.273;104.818;109.622;110.491;109.986;97.091;97.078;97.060;97.094
ROI_30_0.png;Esteatose;355;203;283;232;12.379;58.816;214.224;0.6440;25.154;102.158;106.831;107.310;106.543;96.338;96.310;96.209;96.264
ROI_30_1.png;Esteatose;367;213;318;261;14.125;58.774;224.246;0.6099;25.740;98.855;102.754;103.088;102.820;96.582;96.597;96.619;96.558
ROI_30_2.png;Esteatose;393;230;323;253;11.652;69.796;190.737;0.5486;25.860;98.009;101.836;102.071;101.245;97.363;97.350;97.336;97.425
ROI_30_3.png;Esteatose;388;220;323;249;12.472;69.744;189.172;0.5279;25.827;98.207;101.560;102.075;101.580;97.471;97.499;97.519;97.536
ROI_30_4.png;Esteatose;378;214;331;255;13.109;60.922;203.441;0.5863;24.893;99.241;103.615;104.489;103.759;97.228;97.209;97.197;97.226
ROI_30_5.png;Esteatose;391;230;326;265;10.741;72.510;179.109;0.5629;25.395;98.596;102.343;102.741;102.517;97.441;97.466;97.485;97.465
ROI_30_6.png;Esteatose;381;215;328;260;12.757;66.554;192.217;0.5891;25.299;98.406;102.165;102.836;102.386;96.376;96.404;96.427;96.379
ROI_30_7.png;Esteatose;372;212;334;262;13.495;56.312;218.850;0.5694;24.638;99.858;104.188;104.612;104.524;96.922;96.933;96.938;96.874
ROI_30_8.png;Esteatose;370;212;324;244;11.131;74.929;177.828;0.5779;25.830;98.763;102.626;102.884;102.544;96.686;96.733;96.840;96.806
ROI_30_9.png;Esteatose;381;224;321;254;10.461;66.594;194.845;0.6143;25.336;100.511;104.474;104.603;104.218;97.019;97.021;97.032;97.059
ROI_31_0.png;Esteatose;355;208;288;227;13.957;55.661;242.395;0.6014;25.723;101.248;105.230;105.873;105.543;95.439;95.454;95.484;95.670
ROI_31_1.png;Esteatose;361;191;291;231;13.910;48.962;260.597;0.5781;25.131;104.148;108.433;108.710;108.175;96.881;96.887;96.874;96.884
ROI_31_2.png;Esteatose;375;203;311;239;13.124;56.019;225.812;0.5975;25.489;102.350;107.042;107.127;106.306;97.573;97.584;97.599;97.618
ROI_31_3.png;Esteatose;378;207;308;241;13.268;64.621;205.027;0.5622;25.782;100.441;104.369;105.068;104.306;96.010;96.008;96.030;96.044
ROI_31_4.png;Esteatose;374;214;289;233;12.530;60.071;205.674;0.5638;24.841;102.309;107.004;107.861;107.507;96.266;96.214;96.118;96.045
ROI_31_5.png;Esteatose;362;197;300;238;14.869;48.312;262.253;0.6092;25.256;102.960;107.641;107.891;107.366;96.929;96.930;96.943;96.916
ROI_31_6.png;Esteatose;374;209;306;239;13.814;55.685;226.650;0.5636;25.265;101.052;105.461;106.407;106.254;97.043;97.051;97.011;96.939
ROI_31_7.png;Esteatose;369;208;310;244;13.756;53.821;228.262;0.5928;25.206;101.347;105.878;106.854;106.357;97.784;97.798;97.774;97.742
ROI_31_8.png;Esteatose;358;204;301;247;15.534;48.933;267.436;0.5775;25.663;101.549;105.897;106.335;105.994;96.394;96.401;96.432;96.482
ROI_31_9.png;Esteatose;367;209;294;238;14.336;53.878;224.726;0.6263;24.897;100.039;104.776;105.656;104.956;96.462;96.461;96.436;96.465
ROI_32_0.png;Esteatose;398;197;372;261;11.466;58.097;213.125;0.5680;25.033;104.330;108.778;109.322;108.775;95.642;95.628;95.653;95.724
ROI_32_1.png;Esteatose;410;220;358;236;10.588;72.298;182.255;0.5281;25.770;101.720;105.438;105.979;105.932;97.833;97.853;97.862;97.843
ROI_32_2.png;Esteatose;422;219;369;260;0.9745;74.242;173.317;0.5422;25.662;100.775;105.063;105.276;105.017;96.611;96.634;96.661;96.627
ROI_32_3.png;Esteatose;432;230;375;266;10.046;83.995;152.689;0.5070;25.338;99.785;103.650;104.290;104.172;97.092;97.099;97.153;97.179
ROI_32_4.png;Esteatose;437;219;368;241;0.9341;82.697;161.215;0.5036;26.230;100.737;104.192;104.494;104.029;95.913;95.930;96.054;96.064
ROI_32_5.png;Esteatose;420;208;370;253;0.9993;69.805;180.817;0.5075;25.373;103.344;107.525;108.083;107.877;96.965;96.971;96.960;96.919
ROI_32_6.png;Esteatose;426;222;360;271;0.9925;73.347;167.287;0.5394;25.030;101.408;105.821;106.356;106.091;95.608;95.644;95.689;95.564
ROI_32_7.png;Esteatose;414;217;370;260;10.027;73.068;174.220;0.5219;25.634;104.030;108.506;108.863;108.439;95.808;95.819;95.807;95.867
ROI_32_8.png;Esteatose;435;219;378;264;0.9183;98.178;129.029;0.5120;25.759;96.186;99.699;99.882;99.343;96.764;96.729;96.683;96.748
ROI_32_9.png;Esteatose;443;216;363;255;0.9262;95.530;139.877;0.5196;26.383;95.563;98.597;99.245;98.889;96.940;96.939;96.913;96.855
ROI_33_0.png;Esteatose;402;200;339;223;13.582;52.372;244.232;0.5452;25.657;103.395;107.918;108.744;108.232;97.377;97.371;97.382;97.477
ROI_33_1.png;Esteatose;401;220;349;251;12.631;55.432;229.423;0.5583;25.350;102.138;106.535;107.403;106.978;97.039;97.007;97.018;97.057
ROI_33_2.png;Esteatose;414;229;340;236;11.364;69.108;196.577;0.4999;26.380;99.979;103.909;104.559;103.928;96.495;96.479;96.438;96.512
ROI_33_3.png;Esteatose;409;239;343;249;12.268;70.265;180.829;0.5535;25.642;98.478;102.339;103.078;103.055;96.862;96.875;96.864;96.864
ROI_33_4.png;Esteatose;423;234;344;266;10.348;72.767;186.829;0.4998;25.922;100.184;103.561;104.186;103.743;96.855;96.894;96.926;96.938
ROI_33_5.png;Esteatose;400;220;338;236;13.330;56.881;218.558;0.5561;25.309;100.140;104.493;105.065;104.453;97.617;97.618;97.654;97.682
ROI_33_6.png;Esteatose;412;218;366;267;11.549;68.205;187.093;0.5377;25.596;99.470;103.462;104.005;103.003;97.174;97.180;97.203;97.332
ROI_33_7.png;Esteatose;413;239;342;232;12.768;61.936;219.112;0.5430;25.922;99.432;103.093;103.700;103.327;96.923;96.909;96.854;96.870
ROI_33_8.png;Esteatose;403;221;344;247;12.086;67.656;199.201;0.5656;26.004;99.756;103.489;104.003;103.783;97.632;97.651;97.695;97.652
ROI_33_9.png;Esteatose;415;219;348;251;10.632;69.431;190.593;0.5128;25.782;101.614;105.450;106.257;106.225;96.984;97.023;97.070;97.112
ROI_34_0.png;Esteatose;320;212;256;236;10.323;95.510;142.380;0.6401;25.672;96.323;99.829;99.945;99.122;96.465;96.458;96.423;96.538
ROI_34_1.png;Esteatose;315;209;255;238;10.990;72.162;187.550;0.6286;25.335;100.497;104.529;105.113;105.499;95.805;95.855;95.857;95.838
ROI_34_2.png;Esteatose;321;227;268;248;10.426;77.107;170.345;0.6760;25.054;99.778;104.316;105.444;105.692;95.602;95.600;95.532;95.490
ROI_34_3.png;Esteatose;321;221;269;253;10.836;79.000;164.844;0.6539;24.983;97.645;101.837;102.700;102.403;97.483;97.462;97.414;97.359
ROI_34_4.png;Esteatose;313;224;268;255;11.738;58.491;209.334;0.7062;24.633;102.052;106.741;107.198;106.507;95.329;95.298;95.276;95.381
ROI_34_5.png;Esteatose;325;230;269;254;10.226;84.960;158.693;0.6388;25.329;98.919;102.866;102.841;102.173;97.563;97.587;97.597;97.641
ROI_34_6.png;Esteatose;336;234;277;267;10.479;78.511;172.994;0.6819;25.443;98.092;102.549;103.453;103.383;96.640;96.630;96.594;96.557
ROI_34_7.png;Esteatose;343;231;269;255;0.9879;83.546;155.251;0.6245;24.933;97.236;101.279;101.866;101.749;96.995;96.992;96.996;96.960
ROI_34_8.png;Esteatose;334;241;273;267;10.481;73.988;170.005;0.6697;24.877;99.510;103.452;104.194;104.056;96.173;96.193;96.177;96.213
ROI_34_9.png;Esteatose;339;224;278;260;0.9757;78.234;169.187;0.6375;25.331;99.269;103.380;104.141;103.819;96.992;97.011;97.012;96.954
ROI_35_0.png;Esteatose;298;245;237;278;13.876;52.470;239.766;0.7126;24.905;102.045;107.110;107.475;106.799;96.617;96.611;96.663;96.697
ROI_35_1.png;Esteatose;304;250;244;274;13.288;65.211;200.145;0.7150;24.740;97.983;102.372;103.273;103.457;97.153;97.124;97.064;96.997
ROI_35_2.png;Esteatose;299;250;252;294;13.055;65.118;215.537;0.7226;25.184;97.615;102.047;102.154;101.725;97.733;97.719;97.761;97.768
ROI_35_3.png;Esteatose;316;257;259;284;12.897;60.639;196.451;0.7107;24.365;100.039;104.573;105.459;105.039;96.725;96.705;96.690;96.594
ROI_35_4.png;Esteatose;319;249;259;284;12.174;70.179;188.468;0.7089;24.875;98.185;102.299;103.011;102.520;96.844;96.861;96.869;96.951
ROI_35_5.png;Esteatose;325;251;254;282;12.230;67.248;199.053;0.6894;24.982;99.210;103.836;104.641;104.381;96.428;96.525;96.651;96.645
ROI_35_6.png;Esteatose;317;246;246;281;13.215;61.696;214.100;0.7161;24.840;99.206;103.646;104.940;104.889;96.947;96.966;97.009;96.978
ROI_35_7.png;Esteatose;313;249;244;281;11.943;74.763;170.817;0.6989;24.966;97.314;101.605;102.199;102.060;96.388;96.374;96.326;96.299
ROI_35_8.png;Esteatose;320;256;261;290;12.574;77.724;173.162;0.6561;25.140;95.990;99.663;99.816;99.521;96.300;96.323;96.378;96.356
ROI_35_9.png;Esteatose;327;256;249;283;11.869;72.960;177.456;0.6590;24.946;98.448;102.547;103.169;102.878;96.802;96.788;96.809;96.844
ROI_36_0.png;Esteatose;338;229;284;242;14.252;47.399;267.490;0.6786;24.959;103.028;108.198;108.837;108.375;96.358;96.321;96.266;96.222
ROI_36_1.png;Esteatose;347;228;287;247;13.587;52.096;243.867;0.6449;25.139;103.032;107.616;108.456;108.302;96.945;96.949;96.926;96.985
ROI_36_2.png;Esteatose;347;220;277;236;13.771;47.111;264.488;0.6591;24.760;103.648;108.566;109.608;108.996;96.538;96.540;96.573;96.652
ROI_36_3.png;Esteatose;342;212;272;228;16.231;46.239;283.810;0.6599;25.395;101.316;105.893;106.338;105.810;97.147;97.159;97.115;97.077
ROI_36_4.png;Esteatose;345;229;265;224;15.627;50.127;268.427;0.6515;25.333;101.239;105.671;106.377;105.795;96.696;96.709;96.665;96.766
ROI_36_5.png;Esteatose;331;215;269;229;16.737;37.584;333.931;0.6733;24.720;104.249;109.575;110.360;109.624;96.656;96.620;96.551;96.462
ROI_36_6.png;Esteatose;346;220;272;235;13.613;50.109;250.642;0.6454;24.703;103.672;108.743;109.346;108.722;97.282;97.304;97.322;97.336
ROI_36_7.png;Esteatose;345;221;266;230;14.817;42.884;285.798;0.6502;24.593;104.523;110.026;110.695;110.181;97.518;97.526;97.535;97.537
ROI_36_8.png;Esteatose;328;206;278;239;15.601;38.771;313.714;0.6918;24.772;104.538;110.263;110.644;109.698;96.203;96.177;96.075;96.257
ROI_36_9.png;Esteatose;342;219;269;235;15.399;46.920;287.582;0.6539;25.239;104.198;109.029;109.303;109.157;97.490;97.529;97.583;97.565
ROI_37_0.png;Esteatose;334;213;266;215;12.224;62.144;210.351;0.6580;25.250;101.815;106.517;107.069;106.300;96.409;96.410;96.431;96.432
ROI_37_1.png;Esteatose;331;203;278;243;13.079;56.278;222.336;0.6671;24.971;101.693;106.342;107.048;106.288;96.416;96.400;96.411;96.403
ROI_37_2.png;Esteatose;323;201;274;239;13.572;53.580;240.206;0.6572;25.075;102.860;107.616;108.545;108.073;96.295;96.297;96.246;96.182
ROI_37_3.png;Esteatose;329;213;273;243;13.367;58.388;220.702;0.6681;24.726;101.808;106.306;107.296;106.811;96.649;96.648;96.611;96.596
ROI_37_4.png;Esteatose;328;219;277;243;12.609;62.334;196.257;0.6871;24.525;99.783;104.795;105.857;105.177;95.520;95.490;95.502;95.513
ROI_37_5.png;Esteatose;326;202;265;226;13.428;58.472;226.157;0.6253;25.199;100.126;104.358;104.915;104.686;95.678;95.703;95.721;95.737
ROI_37_6.png;Esteatose;324;208;281;251;14.400;51.407;265.110;0.6688;25.291;102.373;106.829;106.860;106.233;97.729;97.746;97.758;97.760
ROI_37_7.png;Esteatose;330;214;274;241;13.082;49.488;249.046;0.6979;24.723;103.693;108.778;109.630;109.236;96.078;96.057;96.108;96.135
ROI_37_8.png;Esteatose;328;204;270;238;13.303;51.398;238.990;0.6758;24.715;103.219;108.020;109.176;108.500;95.559;95.526;95.504;95.547
ROI_37_9.png;Esteatose;329;211;282;248;13.307;53.614;237.194;0.6671;25.039;102.471;107.439;108.370;107.994;96.363;96.342;96.370;96.352
ROI_38_0.png;Esteatose;340;193;281;227;10.798;93.949;151.706;0.5694;26.180;96.740;99.804;99.927;100.104;96.234;96.269;96.327;96.326
ROI_38_1.png;Esteatose;338;189;280;224;10.953;66.467;190.721;0.6155;25.400;103.224;107.975;108.444;107.766;95.842;95.852;95.937;95.973
ROI_38_2.png;Esteatose;341;216;277;225;10.150;77.095;167.617;0.6111;25.377;102.100;106.583;107.177;106.517;97.482;97.477;97.463;97.498
ROI_38_3.png;Esteatose;364;200;279;216;0.9296;86.892;154.855;0.5694;25.606;98.356;102.280;102.655;102.008;96.698;96.736;96.777;96.758
ROI_38_4.png;Esteatose;348;193;289;230;10.785;69.594;190.728;0.5967;25.638;102.703;107.315;107.407;107.213;96.138;96.146;96.162;96.127
ROI_38_5.png;Esteatose;352;201;288;226;10.303;81.682;166.336;0.5758;25.667;99.839;103.586;103.852;103.288;96.460;96.470;96.489;96.465
ROI_38_6.png;Esteatose;343;193;284;234;11.329;62.076;213.291;0.6231;25.601;103.468;108.231;108.550;108.213;96.433;96.437;96.520;96.550
ROI_38_7.png;Esteatose;342;188;305;251;12.673;58.826;228.930;0.6303;25.860;102.274;106.805;106.737;106.231;96.147;96.151;96.206;96.234
ROI_38_8.png;Esteatose;356;185;299;239;12.154;67.374;201.239;0.5737;25.856;100.632;104.713;105.039;105.089;94.754;94.707;94.651;94.551
ROI_38_9.png;Esteatose;350;195;293;238;11.788;69.477;198.386;0.5904;25.754;101.345;105.151;105.863;105.677;95.499;95.511;95.532;95.536
ROI_39_0.png;Esteatose;411;150;348;199;0.9410;80.316;155.302;0.5311;25.882;96.982;101.265;102.372;102.145;97.314;97.328;97.309;97.287
ROI_39_1.png;Esteatose;411;153;357;207;10.130;74.578;173.077;0.5042;25.867;98.860;102.870;103.275;103.182;96.831;96.847;96.889;96.896
ROI_39_2.png;Esteatose;432;170;374;207;0.7158;116.331;112.653;0.5573;26.267;92.400;95.427;95.692;95.556;96.965;96.994;97.029;97.031
ROI_39_3.png;Esteatose;405;151;374;215;10.290;72.549;175.523;0.4753;26.222;99.584;103.244;103.714;103.288;96.931;96.925;96.954;97.049
ROI_39_4.png;Esteatose;408;151;360;195;0.9772;73.309;177.419;0.4854;26.065;100.518;104.775;105.097;105.186;97.136;97.111;97.101;97.081
ROI_39_5.png;Esteatose;374;138;377;203;14.395;46.353;266.821;0.5040;25.439;104.370;108.937;110.110;110.047;97.089;97.088;97.101;97.141
ROI_39_6.png;Esteatose;396;151;366;208;11.568;63.112;205.635;0.4819;25.828;101.643;105.908;106.060;105.491;97.322;97.329;97.329;97.299
ROI_39_7.png;Esteatose;380;147;358;204;12.459;60.591;208.202;0.4987;25.949;102.545;106.897;107.603;107.146;97.936;97.965;97.994;97.990
ROI_39_8.png;Esteatose;380;142;369;209;12.766;50.528;248.233;0.5265;25.610;104.509;109.635;110.473;110.480;97.669;97.674;97.635;97.592
ROI_39_9.png;Esteatose;383;140;369;196;11.819;61.246;199.700;0.5113;25.642;101.638;106.480;107.641;107.281;97.670;97.660;97.633;97.587
ROI_40_0.png;Esteatose;279;223;253;244;12.093;61.031;211.404;0.6638;25.053;103.817;108.856;109.055;108.629;95.758;95.815;95.858;95.786
ROI_40_1.png;Esteatose;283;225;256;247;12.024;61.100;207.524;0.6749;24.807;102.928;107.803;108.277;107.898;94.708;94.807;94.871;94.818
ROI_40_2.png;Esteatose;291;237;255;252;12.188;55.195;234.174;0.7180;24.744;104.034;109.357;109.405;108.988;96.363;96.389;96.450;96.492
ROI_40_3.png;Esteatose;291;232;253;259;12.193;57.096;232.418;0.7176;24.804;103.506;108.848;109.148;109.045;96.415;96.465;96.520;96.544
ROI_40_4.png;Esteatose;299;245;251;253;12.168;53.178;230.965;0.7352;24.379;104.733;110.125;110.821;110.463;94.368;94.297;94.143;94.117
ROI_40_5.png;Esteatose;286;231;255;255;12.224;58.191;227.995;0.7112;24.919;103.255;108.438;108.554;108.268;96.550;96.596;96.630;96.715
ROI_40_6.png;Esteatose;290;247;253;258;12.481;51.327;251.463;0.7397;24.680;104.804;110.201;110.217;109.720;96.928;96.986;97.057;97.102
ROI_40_7.png;Esteatose;283;241;263;258;12.034;54.099;236.146;0.7314;24.903;104.735;110.244;110.237;109.679;96.234;96.227;96.208;96.178
ROI_40_8.png;Esteatose;293;243;251;263;12.385;53.747;240.329;0.7259;24.636;104.297;109.530;110.040;109.325;95.136;95.146;95.160;95.152
ROI_40_9.png;Esteatose;294;236;247;262;11.809;56.641;224.609;0.7180;24.572;104.108;109.405;109.650;109.185;94.732;94.773;94.893;94.897
ROI_41_0.png;Esteatose;297;218;249;265;12.115;60.976;210.219;0.6659;25.053;102.004;106.959;107.159;105.827;94.085;94.079;94.111;94.042
ROI_41_1.png;Esteatose;297;236;241;256;11.156;58.710;210.662;0.7183;24.523;104.213;109.572;110.238;109.802;94.663;94.679;94.743;94.694
ROI_41_2.png;Esteatose;290;227;244;262;11.556;62.719;206.101;0.7031;24.847;102.620;107.960;108.569;107.910;94.430;94.458;94.593;94.727
ROI_41_3.png;Esteatose;293;230;248;258;11.683;59.201;216.970;0.7109;24.725;103.591;108.935;109.269;109.037;94.430;94.435;94.454;94.610
ROI_41_4.png;Esteatose;292;229;245;255;11.400;61.893;206.170;0.7058;24.768;103.279;108.646;109.101;108.588;94.429;94.440;94.421;94.659
ROI_41_5.png;Esteatose;290;238;241;259;11.183;59.793;223.758;0.7175;25.036;104.506;109.811;109.672;109.207;96.509;96.528;96.560;96.610
ROI_41_6.png;Esteatose;285;235;240;262;11.463;62.078;206.240;0.7132;24.850;102.584;107.815;108.341;107.729;96.464;96.477;96.497;96.561
ROI_41_7.png;Esteatose;300;238;245;263;11.876;52.375;233.781;0.7216;24.306;105.532;111.076;111.389;111.054;94.525;94.499;94.462;94.453
ROI_41_8.png;Esteatose;289;231;242;257;11.266;62.505;215.284;0.7148;24.977;103.562;108.833;108.857;108.694;96.527;96.574;96.633;96.688
ROI_41_9.png;Esteatose;291;233;235;249;10.273;68.651;194.103;0.7169;24.900;103.287;108.548;108.825;108.696;96.474;96.500;96.573;96.606
ROI_42_0.png;Esteatose;289;229;242;251;10.910;65.688;196.898;0.7096;24.850;103.002;108.360;108.733;108.066;94.445;94.465;94.565;94.807
ROI_42_1.png;Esteatose;290;233;244;253;11.325;62.705;215.455;0.7193;25.021;103.203;108.475;108.693;108.523;96.542;96.572;96.665;96.695
ROI_42_2.png;Esteatose;290;232;244;259;11.503;60.986;219.636;0.7189;24.915;103.474;108.786;109.045;108.893;96.567;96.624;96.689;96.712
ROI_42_3.png;Esteatose;300;235;248;256;11.818;54.766;223.604;0.7237;24.229;104.147;109.723;110.477;110.306;94.604;94.646;94.636;94.538
ROI_42_4.png;Esteatose;301;246;240;254;11.083;58.460;207.102;0.7376;24.141;104.662;110.196;110.737;110.402;94.461;94.403;94.264;94.193
ROI_42_5.png;Esteatose;298;241;240;260;11.369;55.668;220.330;0.7267;24.446;104.736;110.266;111.081;110.539;94.319;94.281;94.269;94.239
ROI_42_6.png;Esteatose;298;237;235;257;10.720;59.401;205.088;0.7220;24.393;104.838;110.374;110.887;110.461;94.776;94.762;94.812;94.787
ROI_42_7.png;Esteatose;308;254;245;259;11.772;65.699;196.798;0.7077;24.794;102.449;107.405;108.155;108.136;94.787;94.770;94.733;94.643
ROI_42_8.png;Esteatose;295;242;243;258;11.587;56.575;222.882;0.7284;24.472;104.374;109.834;110.467;110.042;94.284;94.285;94.283;94.250
ROI_42_9.png;Esteatose;288;240;229;252;0.9944;67.288;201.057;0.7288;25.093;104.035;109.224;108.879;108.537;96.427;96.440;96.476;96.481
ROI_43_0.png;Esteatose;313;248;246;261;11.699;59.116;209.501;0.7194;24.176;104.206;109.974;110.880;110.469;94.816;94.794;94.798;94.826
ROI_43_1.png;Esteatose;304;243;244;259;11.631;54.629;218.302;0.7194;24.072;104.900;110.591;111.790;111.469;94.472;94.431;94.268;94.096
ROI_43_2.png;Esteatose;299;239;243;266;11.960;51.956;236.464;0.7261;24.417;105.483;111.115;111.547;111.121;94.454;94.430;94.340;94.388
ROI_43_3.png;Esteatose;296;244;242;261;11.522;57.594;218.032;0.7331;24.524;104.098;109.580;110.234;109.783;94.350;94.290;94.175;94.253
ROI_43_4.png;Esteatose;297;240;242;247;11.234;56.259;223.744;0.7203;24.694;105.347;110.670;111.085;110.798;94.625;94.600;94.566;94.624
ROI_43_5.png;Esteatose;295;228;241;254;10.920;62.812;198.641;0.7155;24.588;103.439;108.913;109.355;108.613;94.595;94.565;94.472;94.644
ROI_43_6.png;Esteatose;303;236;235;255;10.601;59.625;204.793;0.7197;24.142;105.079;110.656;111.305;111.038;94.588;94.597;94.628;94.523
ROI_43_7.png;Esteatose;303;243;244;257;11.595;54.699;218.350;0.7237;24.074;104.814;110.490;111.663;111.337;94.333;94.288;94.116;93.948
ROI_43_8.png;Esteatose;297;228;245;252;11.319;59.725;206.666;0.7152;24.501;103.523;108.997;109.561;108.456;94.471;94.440;94.321;94.440
ROI_43_9.png;Esteatose;284;221;239;258;10.959;66.418;189.878;0.6690;24.911;102.970;107.930;108.416;108.200;94.857;94.847;94.858;94.907
ROI_44_0.png;Esteatose;302;241;247;256;11.758;52.648;227.179;0.7223;24.157;105.228;110.925;111.713;111.475;94.548;94.492;94.435;94.308
ROI_44_1.png;Esteatose;307;242;247;257;11.766;53.684;218.049;0.7167;23.909;105.184;110.983;112.299;111.831;94.610;94.574;94.453;94.263
ROI_44_2.png;Esteatose;293;230;240;257;11.028;62.937;203.969;0.7100;24.735;103.591;108.935;109.269;109.037;94.368;94.374;94.394;94.551
ROI_44_3.png;Esteatose;305;247;248;261;11.944;55.115;221.846;0.7248;24.239;104.723;110.207;111.179;110.726;94.453;94.392;94.264;94.129
ROI_44_4.png;Esteatose;302;245;246;260;11.837;54.379;223.525;0.7302;24.212;104.756;110.305;111.198;110.923;94.537;94.461;94.297;94.195
ROI_44_5.png;Esteatose;301;242;237;254;10.825;58.310;204.553;0.7250;24.151;104.910;110.364;111.343;111.075;94.321;94.283;94.178;94.006
ROI_44_6.png;Esteatose;305;249;243;263;11.842;57.517;220.901;0.7173;24.556;104.620;109.902;110.392;110.084;94.584;94.554;94.472;94.293
ROI_44_7.png;Esteatose;301;249;247;263;12.151;55.649;230.562;0.7261;24.561;104.558;109.638;109.791;109.691;94.380;94.349;94.311;94.130
ROI_44_8.png;Esteatose;297;241;246;257;11.770;54.458;227.371;0.7245;24.553;104.709;110.165;110.869;110.404;94.476;94.446;94.443;94.446
ROI_44_9.png;Esteatose;298;239;238;257;10.988;57.275;217.747;0.7227;24.543;105.367;110.914;111.290;110.838;94.525;94.501;94.406;94.487
ROI_45_0.png;Esteatose;300;248;241;261;11.508;57.552;218.116;0.7355;24.394;104.695;109.965;110.245;110.011;94.243;94.182;94.140;93.989
ROI_45_1.png;Esteatose;299;241;243;258;11.527;54.607;222.562;0.7291;24.364;104.899;110.508;111.312;110.855;94.269;94.225;94.204;94.138
ROI_45_2.png;Esteatose;298;246;237;258;11.117;58.614;210.145;0.7351;24.403;104.454;109.804;110.403;109.804;94.287;94.232;94.101;94.151
ROI_45_3.png;Esteatose;307;243;247;260;11.874;53.269;220.132;0.7194;23.907;105.116;110.842;112.244;111.680;94.479;94.439;94.289;94.121
ROI_45_4.png;Esteatose;303;237;246;264;12.032;51.478;232.487;0.7174;24.039;105.410;111.089;111.719;111.436;94.512;94.499;94.516;94.406
ROI_45_5.png;Esteatose;305;244;247;265;12.159;52.839;225.980;0.7225;24.082;104.834;110.549;111.714;111.403;94.529;94.459;94.301;94.167
ROI_45_6.png;Esteatose;297;245;249;265;12.377;53.044;234.971;0.7320;24.521;104.374;109.695;110.354;109.968;94.412;94.345;94.205;94.283
ROI_45_7.png;Esteatose;303;250;248;262;12.081;58.460;219.927;0.7077;24.652;104.021;108.853;109.427;109.516;94.465;94.488;94.416;94.224
ROI_45_8.png;Esteatose;300;243;243;259;11.600;54.969;219.559;0.7308;24.260;104.634;110.174;111.079;110.726;94.225;94.185;94.043;93.910
ROI_45_9.png;Esteatose;297;244;243;257;11.515;57.233;217.257;0.7316;24.504;104.146;109.574;110.354;109.912;94.364;94.297;94.157;94.204
ROI_46_0.png;Esteatose;311;254;242;258;11.405;68.956;188.639;0.7092;24.793;102.152;107.176;107.934;108.153;94.868;94.849;94.835;94.876
ROI_46_1.png;Esteatose;301;243;242;257;11.439;55.646;215.708;0.7284;24.199;104.726;110.256;111.183;110.910;94.261;94.218;94.062;93.913
ROI_46_2.png;Esteatose;312;256;246;260;11.864;67.499;192.643;0.7067;24.791;102.003;106.796;107.627;107.374;94.834;94.850;94.868;94.980
ROI_46_3.png;Esteatose;300;241;237;259;11.113;56.158;214.796;0.7283;24.267;105.017;110.630;111.395;111.066;94.408;94.361;94.332;94.240
ROI_46_4.png;Esteatose;296;240;242;257;11.342;56.021;227.299;0.7192;24.739;105.339;110.721;110.986;110.725;94.535;94.518;94.498;94.578
ROI_46_5.png;Esteatose;295;241;237;258;11.039;58.505;217.004;0.7254;24.614;104.726;110.232;110.607;110.267;94.458;94.453;94.501;94.515
ROI_46_6.png;Esteatose;291;242;244;254;11.492;57.829;225.203;0.7239;24.731;104.282;109.608;109.967;109.281;96.113;96.142;96.204;96.157
ROI_46_7.png;Esteatose;303;252;245;258;11.724;64.750;200.413;0.6927;24.767;102.613;107.137;108.001;108.274;94.709;94.668;94.586;94.435
ROI_46_8.png;Esteatose;293;243;243;257;11.545;57.793;223.879;0.7252;24.655;104.297;109.530;110.040;109.325;95.093;95.104;95.119;95.113
ROI_46_9.png;Esteatose;290;231;243;264;11.770;59.673;225.182;0.7136;24.951;103.505;108.836;108.946;108.772;96.531;96.570;96.620;96.673
ROI_47_0.png;Esteatose;293;250;247;260;12.154;54.051;242.543;0.7295;24.681;104.791;109.747;109.854;109.110;96.956;96.991;97.069;97.099
ROI_47_1.png;Esteatose;296;240;239;255;10.951;58.063;218.966;0.7191;24.730;105.339;110.721;110.986;110.725;94.579;94.563;94.544;94.622
ROI_47_2.png;Esteatose;303;253;245;261;11.770;66.441;197.732;0.6901;24.871;102.345;106.674;107.733;108.068;94.798;94.762;94.676;94.532
ROI_47_3.png;Esteatose;291;242;248;257;11.913;55.894;233.349;0.7241;24.756;104.282;109.608;109.967;109.281;96.088;96.118;96.179;96.132
ROI_47_4.png;Esteatose;294;241;241;258;11.326;57.476;224.399;0.7237;24.686;104.835;110.169;110.418;109.978;94.502;94.511;94.591;94.594
ROI_47_5.png;Esteatose;292;243;243;260;11.606;57.534;225.658;0.7267;24.661;104.198;109.457;109.926;109.167;95.623;95.641;95.669;95.653
ROI_47_6.png;Esteatose;296;245;248;261;12.014;55.090;228.375;0.7337;24.531;104.297;109.701;110.227;109.886;94.387;94.328;94.210;94.324
ROI_47_7.png;Esteatose;301;253;244;260;11.717;65.507;200.792;0.7029;24.765;102.631;107.028;107.809;108.118;94.676;94.641;94.578;94.433
ROI_47_8.png;Esteatose;292;248;249;265;12.533;51.726;255.220;0.7374;24.688;105.149;110.372;110.311;109.923;96.899;96.945;97.100;97.116
ROI_47_9.png;Esteatose;300;252;256;263;12.731;57.783;225.025;0.7099;24.688;103.066;107.629;108.183;108.260;94.696;94.662;94.608;94.490
ROI_48_0.png;Esteatose;292;247;249;266;12.573;51.850;249.369;0.7361;24.562;104.849;110.136;110.147;109.645;96.998;97.059;97.131;97.160
ROI_48_1.png;Esteatose;299;247;250;260;12.232;53.756;230.065;0.7319;24.419;104.658;109.952;110.385;109.914;94.261;94.212;94.127;94.080
ROI_48_2.png;Esteatose;296;246;248;263;12.229;54.037;232.021;0.7350;24.481;104.285;109.706;110.096;109.594;95.347;95.324;95.253;95.349
ROI_48_3.png;Esteatose;293;244;259;268;12.948;51.893;250.362;0.7314;24.618;104.060;109.362;109.876;109.198;95.097;95.084;95.080;95.144
ROI_48_4.png;Esteatose;310;252;248;268;12.333;60.054;214.008;0.7044;24.705;103.134;108.177;108.885;109.032;94.744;94.713;94.664;94.655
ROI_48_5.png;Esteatose;294;244;247;258;11.858;56.426;228.046;0.7326;24.562;104.105;109.469;110.005;109.476;94.454;94.421;94.388;94.476
ROI_48_6.png;Esteatose;291;238;246;259;11.626;56.915;233.030;0.7143;24.920;104.693;109.975;109.816;109.354;96.374;96.391;96.416;96.470
ROI_48_7.png;Esteatose;295;244;247;255;11.769;56.598;224.209;0.7345;24.501;104.069;109.545;110.164;109.726;94.493;94.447;94.376;94.466
ROI_48_8.png;Esteatose;294;241;244;263;11.884;54.808;235.068;0.7229;24.690;104.835;110.169;110.418;109.978;94.387;94.395;94.477;94.479
ROI_48_9.png;Esteatose;294;250;246;259;12.025;55.228;237.575;0.7250;24.706;104.741;109.654;109.750;109.137;97.046;97.076;97.121;97.133
ROI_49_0.png;Esteatose;298;236;246;261;11.729;55.423;222.234;0.7234;24.395;104.285;109.731;110.417;109.981;94.668;94.686;94.753;94.683
ROI_49_1.png;Esteatose;287;233;249;257;11.819;60.831;221.586;0.7196;25.026;102.914;108.132;108.245;108.024;96.477;96.498;96.619;96.651
ROI_49_2.png;Esteatose;300;244;242;262;11.630;55.236;219.225;0.7344;24.262;104.512;110.110;110.958;110.682;94.437;94.369;94.217;94.137
ROI_49_3.png;Esteatose;299;249;247;266;12.336;54.395;237.164;0.7259;24.730;104.699;109.674;109.815;109.487;94.224;94.185;94.155;94.027
ROI_49_4.png;Esteatose;298;246;244;258;11.692;56.125;219.809;0.7358;24.399;104.454;109.804;110.403;109.804;94.363;94.309;94.183;94.230
ROI_49_5.png;Esteatose;293;249;241;261;11.668;55.685;238.330;0.7317;24.823;105.141;110.198;110.070;109.543;96.970;96.992;97.116;97.129
ROI_49_6.png;Esteatose;293;244;242;254;11.258;59.659;217.735;0.7319;24.612;104.060;109.362;109.876;109.198;95.118;95.105;95.101;95.163
ROI_49_7.png;Esteatose;302;252;251;251;12.073;62.442;208.179;0.6956;24.755;102.612;107.251;107.903;108.144;94.744;94.708;94.640;94.497
ROI_49_8.png;Esteatose;295;253;248;259;11.987;58.808;225.740;0.7084;24.815;103.854;108.568;109.383;108.530;97.250;97.248;97.243;97.251
ROI_49_9.png;Esteatose;290;250;241;261;11.697;53.721;240.585;0.7449;24.684;105.083;110.350;110.443;109.483;96.836;96.849;96.937;97.041
ROI_50_0.png;Esteatose;297;246;248;261;12.048;54.683;226.778;0.7340;24.470;104.310;109.650;110.170;109.646;94.192;94.140;94.015;94.115
ROI_50_1.png;Esteatose;298;252;248;261;11.992;60.443;216.083;0.7007;24.898;103.245;107.845;108.546;107.933;94.705;94.662;94.584;94.544
ROI_50_2.png;Esteatose;301;250;249;262;12.185;57.297;224.373;0.7197;24.566;104.095;108.969;109.214;109.269;94.280;94.302;94.255;94.071
ROI_50_3.png;Esteatose;302;248;246;258;11.801;56.655;221.120;0.7245;24.362;104.488;109.871;110.334;110.109;94.366;94.304;94.229;94.043
ROI_50_4.png;Esteatose;294;251;252;261;12.473;53.719;243.358;0.7271;24.640;104.423;109.324;109.772;108.925;97.119;97.137;97.141;97.186
ROI_50_5.png;Esteatose;299;254;254;270;12.949;58.019;226.480;0.7052;24.881;103.161;107.754;108.305;108.268;94.680;94.660;94.621;94.518
ROI_50_6.png;Esteatose;299;255;268;274;12.549;60.007;214.714;0.7041;24.749;103.058;107.708;108.281;108.106;94.523;94.532;94.500;94.411
ROI_50_7.png;Esteatose;303;249;246;258;11.814;57.944;221.112;0.7142;24.621;104.543;109.605;110.123;109.982;94.386;94.354;94.283;94.083
ROI_50_8.png;Esteatose;299;254;254;265;12.806;58.572;224.315;0.7047;24.891;103.161;107.754;108.305;108.268;94.667;94.645;94.607;94.504
ROI_50_9.png;Esteatose;303;254;250;262;12.229;64.577;202.755;0.6932;24.900;102.041;106.542;107.467;107.790;94.723;94.703;94.625;94.484
ROI_51_0.png;Esteatose;312;262;252;272;12.776;60.416;230.173;0.7119;25.371;103.439;108.171;107.766;107.119;96.950;96.969;96.964;97.037
ROI_51_1.png;Esteatose;299;251;254;260;12.579;55.911;231.915;0.7153;24.772;103.817;108.572;109.034;108.665;94.554;94.541;94.462;94.386
ROI_51_2.png;Esteatose;301;252;253;273;12.829;58.119;223.624;0.7060;24.663;102.822;107.397;107.973;108.191;94.667;94.634;94.577;94.437
ROI_51_3.png;Esteatose;294;249;254;262;12.709;51.608;256.915;0.7282;24.825;105.057;110.100;109.985;109.580;97.065;97.081;97.161;97.164
ROI_51_4.png;Esteatose;298;256;250;266;12.548;58.609;220.839;0.7004;24.809;103.557;108.210;108.920;108.277;94.500;94.497;94.439;94.462
ROI_51_5.png;Esteatose;295;249;248;265;12.438;53.254;247.458;0.7258;24.842;104.874;109.972;109.945;109.455;97.092;97.100;97.144;97.142
ROI_51_6.png;Esteatose;301;237;246;254;11.595;53.741;222.598;0.7238;24.100;105.361;110.938;111.406;111.199;94.476;94.465;94.512;94.426
ROI_51_7.png;Esteatose;304;254;252;267;12.712;62.267;210.016;0.6945;24.916;101.984;106.600;107.501;107.618;94.620;94.599;94.523;94.375
ROI_51_8.png;Esteatose;298;255;243;265;12.069;61.942;208.114;0.6997;24.813;103.215;107.900;108.579;108.022;94.602;94.611;94.577;94.522
ROI_51_9.png;Esteatose;294;246;253;265;12.777;51.618;249.360;0.7336;24.543;104.522;109.780;110.053;109.607;97.155;97.163;97.153;97.203
ROI_52_0.png;Esteatose;296;263;264;282;11.807;58.053;220.604;0.7136;24.555;104.381;109.878;110.674;110.281;97.614;97.649;97.684;97.666
ROI_52_1.png;Esteatose;309;265;245;268;12.459;59.686;232.761;0.7346;25.055;102.765;107.596;107.398;106.680;97.617;97.621;97.684;97.706
ROI_52_2.png;Esteatose;306;249;247;259;11.887;57.104;220.848;0.7171;24.536;104.785;110.151;110.724;110.352;94.456;94.425;94.335;94.156
ROI_52_3.png;Esteatose;310;247;250;268;12.448;52.812;230.452;0.7243;24.201;104.821;110.529;111.557;111.099;94.622;94.565;94.489;94.483
ROI_52_4.png;Esteatose;315;252;248;262;11.779;67.957;192.327;0.6918;24.779;102.520;107.579;108.048;108.262;95.209;95.211;95.247;95.302
ROI_52_5.png;Esteatose;317;246;248;262;11.651;61.299;198.183;0.7134;24.225;103.615;109.205;110.299;110.010;95.142;95.151;95.204;95.206
ROI_52_6.png;Esteatose;312;241;251;270;12.395;51.066;228.766;0.7125;23.903;105.119;111.043;112.283;111.699;94.808;94.768;94.701;94.702
ROI_52_7.png;Esteatose;305;245;250;260;12.119;53.149;227.389;0.7275;24.145;104.875;110.470;111.588;111.236;94.395;94.318;94.155;94.027
ROI_52_8.png;Esteatose;313;256;254;264;12.661;64.505;202.496;0.7042;24.823;101.734;106.573;107.345;107.124;94.935;94.961;95.005;95.116
ROI_52_9.png;Esteatose;302;226;248;261;11.795;59.469;210.892;0.6931;24.339;103.321;108.487;108.712;108.015;94.446;94.411;94.455;94.452
ROI_53_0.png;Esteatose;317;243;247;270;11.965;57.581;203.346;0.7064;23.979;103.972;109.604;111.034;110.362;95.160;95.181;95.195;95.185
ROI_53_1.png;Esteatose;322;249;256;269;12.352;65.344;196.840;0.6779;24.692;101.192;106.245;106.762;106.374;95.125;95.146;95.163;95.219
ROI_53_2.png;Esteatose;312;252;251;265;12.375;60.978;212.096;0.7031;24.691;102.912;108.032;108.707;109.015;94.924;94.897;94.880;94.940
ROI_53_3.png;Esteatose;305;253;247;267;12.278;63.301;206.052;0.6971;24.838;102.519;107.078;108.068;108.129;94.858;94.821;94.747;94.605
ROI_53_4.png;Esteatose;316;257;251;264;12.266;70.363;186.542;0.6930;25.004;101.014;105.877;106.460;106.029;95.629;95.702;95.773;95.802
ROI_53_5.png;Esteatose;302;248;249;253;11.973;55.907;224.117;0.7231;24.376;104.488;109.871;110.334;110.109;94.315;94.253;94.177;93.990
ROI_53_6.png;Esteatose;316;255;246;259;11.616;76.083;173.357;0.6898;25.019;100.610;105.367;105.827;105.878;95.416;95.461;95.554;95.593
ROI_53_7.png;Esteatose;311;263;255;266;13.029;58.152;235.924;0.7198;25.176;103.191;108.025;107.729;107.162;97.469;97.498;97.525;97.554
ROI_53_8.png;Esteatose;298;242;254;260;12.577;51.201;238.453;0.7262;24.400;104.481;109.908;110.894;110.312;94.435;94.415;94.353;94.268
ROI_53_9.png;Esteatose;289;234;249;255;11.767;60.410;219.733;0.7187;24.951;102.808;108.160;108.506;108.170;96.466;96.495;96.602;96.613
ROI_54_0.png;Esteatose;310;258;258;271;13.128;60.082;218.854;0.7022;25.021;102.772;107.671;108.013;107.066;94.986;95.019;95.089;95.182
ROI_54_1.png;Esteatose;301;248;252;268;12.729;52.287;239.677;0.7334;24.324;104.581;109.895;110.220;110.070;94.432;94.374;94.318;94.151
ROI_54_2.png;Esteatose;306;243;244;255;11.463;55.551;212.338;0.7167;23.994;105.071;110.779;112.146;111.593;94.575;94.537;94.392;94.219
ROI_54_3.png;Esteatose;311;246;256;271;12.881;50.528;238.252;0.7258;24.102;104.891;110.633;111.794;111.278;94.717;94.659;94.571;94.619
ROI_54_4.png;Esteatose;317;248;255;259;12.123;61.306;201.744;0.7057;24.329;102.835;108.321;109.378;108.872;95.103;95.120;95.171;95.177
ROI_54_5.png;Esteatose;304;243;243;263;11.822;53.798;221.576;0.7193;24.079;104.900;110.591;111.790;111.469;94.348;94.306;94.138;93.962
ROI_54_6.png;Esteatose;301;241;244;259;11.622;53.389;224.877;0.7259;24.210;105.155;110.731;111.507;111.256;94.466;94.415;94.370;94.258
ROI_54_7.png;Esteatose;312;260;252;270;12.617;61.552;218.260;0.7059;25.037;103.638;108.393;108.321;107.532;95.165;95.134;95.233;95.428
ROI_54_8.png;Esteatose;303;261;252;269;12.798;61.286;216.440;0.6848;25.205;103.173;107.790;108.030;107.744;94.898;94.902;94.806;94.836
ROI_54_9.png;Esteatose;308;257;243;262;11.773;65.314;195.602;0.7063;24.717;102.817;107.726;108.535;107.727;94.949;94.986;94.966;94.940
